repair_id,priority,question_id,status,issue_flags,notes
R001,high,v0279-what-is-llm-q1,reviewed-no-change,possible_correct_answer_length_bias,Heuristic flag reviewed; existing item was retained because the misconception remained fair and model-centered.
R002,high,v0279-what-is-llm-q2,reviewed-no-change,possible_correct_answer_length_bias,Heuristic flag reviewed; existing item was retained because the misconception remained fair and model-centered.
R003,high,v0279-where-llms-fit-q1,question-stem-revised,premature_jargon:diffusion,"Stem revised to stand alone and name the mechanism: A campus tool summarizes text with an LLM, while another creates images by denoising noisy patterns. What does that show?"
R003,high,v0279-where-llms-fit-q1,wrong-feedback-revised,premature_jargon:diffusion,"v0279-where-llms-fit-q1-all-llms: Not quite. An LLM is one kind of generative AI, not the whole category. The tempting idea is nearby, but it does not match the boundary this checkpoint is testing."
R003,high,v0279-where-llms-fit-q1,wrong-feedback-revised,premature_jargon:diffusion,"v0279-where-llms-fit-q1-text-only-ai: Close, but image models can be AI without using the LLM text-token loop. That swaps this mechanism with a nearby model step; keep the stage boundary clear."
R004,high,v02712-where-llms-fit-q2,wrong-feedback-revised,possible_correct_answer_length_bias,"v02712-where-llms-fit-q2-2-llm: That collapses the broad AI family into one model type. The tempting idea is nearby, but it does not match the boundary this checkpoint is testing."
R004,high,v02712-where-llms-fit-q2,wrong-feedback-revised,possible_correct_answer_length_bias,"v02712-where-llms-fit-q2-3-machine-learning: That misses that machine learning is a major branch inside broader AI. The tempting idea is nearby, but it does not match the boundary this checkpoint is testing."
R004,high,v02712-where-llms-fit-q2,wrong-feedback-revised,possible_correct_answer_length_bias,"v02712-where-llms-fit-q2-4-diffusion-model: That treats different generative methods as if they shared one mechanism. The tempting idea is nearby, but it does not match the boundary this checkpoint is testing."
UNFLAGGED,review,v0279-history-q2,wrong-feedback-revised,,v0279-history-q2-final-answer: Not quite. Loss is used during training; it is not the model writing a response. That would be a durable learning or storage claim; this checkpoint is separating it from temporary context or runtime behavior.
R006,high,v02712-history-q3,question-stem-revised,possible_correct_answer_length_bias; premature_jargon:retrieval,"Stem revised to stand alone and name the mechanism: A university AI app combines an LLM, hand-written policy checks, and a handbook lookup tool. What should a model-literate user infer?"
R006,high,v02712-history-q3,wrong-feedback-revised,possible_correct_answer_length_bias; premature_jargon:retrieval,"v02712-history-q3-2-symbolic-ai: That confuses a product wrapper with the model inside it. The tempting idea is nearby, but it does not match the boundary this checkpoint is testing."
R006,high,v02712-history-q3,wrong-feedback-revised,possible_correct_answer_length_bias; premature_jargon:retrieval,v02712-history-q3-3-rag: Retrieval can add context without becoming durable training. That would be a durable learning or storage claim; this checkpoint is separating it from temporary context or runtime behavior.
R006,high,v02712-history-q3,wrong-feedback-revised,possible_correct_answer_length_bias; premature_jargon:retrieval,"v02712-history-q3-4-alignment: Policy behavior is not the same as conscience or awareness. The behavior can be shaped without giving the model human awareness, intent, or moral agency."
R007,high,v0279-training-q2,wrong-feedback-revised,possible_correct_answer_length_bias,"v0279-training-q2-permanent-update: Not quite. That would require a training process, not ordinary inference. That would be a durable learning or storage claim; this checkpoint is separating it from temporary context or runtime behavior."
UNFLAGGED,review,v0279-training-q4,wrong-feedback-revised,,"v0279-training-q4-generation-loop: Close, but that sequence describes inference/generation, not training. That would be a durable learning or storage claim; this checkpoint is separating it from temporary context or runtime behavior."
R010,high,v0279-pretraining-q2,wrong-feedback-revised,possible_correct_answer_length_bias,v0279-pretraining-q2-private-files: Not quite. Training data exposure is not the same as access to every private file. That would be a durable learning or storage claim; this checkpoint is separating it from temporary context or runtime behavior.
R011,high,v0279-pretraining-q3,wrong-feedback-revised,possible_correct_answer_length_bias,"v0279-pretraining-q3-interface: This describes product UI changes, not the model’s learned parameters. The tempting idea is nearby, but it does not match the boundary this checkpoint is testing."
R012,high,v02712-pretraining-q4,question-stem-revised,possible_correct_answer_length_bias; premature_jargon:retrieval,Stem revised to stand alone and name the mechanism: A base model gives fact-like text about a public topic before any live search or lookup tool is connected. Which pretraining explanation is strongest?
R012,high,v02712-pretraining-q4,wrong-feedback-revised,possible_correct_answer_length_bias; premature_jargon:retrieval,"v02712-pretraining-q4-2-retrieval: Search is a system/tool action, not something pretraining proves. Search, retrieval, and evidence use are separate system steps, and they still need checking."
R012,high,v02712-pretraining-q4,wrong-feedback-revised,possible_correct_answer_length_bias; premature_jargon:retrieval,"v02712-pretraining-q4-3-memory: Pretraining does not make a perfect searchable library of every source. Search, retrieval, and evidence use are separate system steps, and they still need checking."
R012,high,v02712-pretraining-q4,wrong-feedback-revised,possible_correct_answer_length_bias; premature_jargon:retrieval,"v02712-pretraining-q4-4-truth: Fluent source-like text is not a truth guarantee. Search, retrieval, and evidence use are separate system steps, and they still need checking."
R014,high,v0279-overfitting-generalization-q3,wrong-feedback-revised,possible_correct_answer_length_bias; possibly_obvious_distractor,"v0279-overfitting-generalization-q3-conscious-choice: That gives the model too much mind. The issue is brittle transfer, not intention. The behavior can be shaped without giving the model human awareness, intent, or moral agency."
R015,high,v02712-fine-tuning-q1,wrong-feedback-revised,possible_correct_answer_length_bias,"v02712-fine-tuning-q1-2-prompt: A prompt can steer the current run, but it is not durable training. That would be a durable learning or storage claim; this checkpoint is separating it from temporary context or runtime behavior."
R015,high,v02712-fine-tuning-q1,wrong-feedback-revised,possible_correct_answer_length_bias,v02712-fine-tuning-q1-3-rag: Retrieval adds temporary evidence; it does not by itself fine-tune weights. That would be a durable learning or storage claim; this checkpoint is separating it from temporary context or runtime behavior.
R015,high,v02712-fine-tuning-q1,wrong-feedback-revised,possible_correct_answer_length_bias,"v02712-fine-tuning-q1-4-sampling: Sampling changes a generation-time choice, not the model pattern carried forward. That swaps this mechanism with a nearby model step; keep the stage boundary clear."
R017,high,v02710-fine-tuning-q3,wrong-feedback-revised,possible_correct_answer_length_bias; possibly_obvious_distractor,"v02710-fine-tuning-q3-system-prompt-only: Close, but a system prompt steers the current run. Fine-tuning is durable training. That would be a durable learning or storage claim; this checkpoint is separating it from temporary context or runtime behavior."
R018,high,v02710-alignment-q1,wrong-feedback-revised,possible_correct_answer_length_bias; possibly_obvious_distractor,"v02710-alignment-q1-truth: Not quite. Alignment can shape behavior, but it does not guarantee factual truth. Probability, permission, fluency, or confidence is not the same as truth."
R020,high,v02710-alignment-q3,wrong-feedback-revised,possible_correct_answer_length_bias,"v02710-alignment-q3-conscious-test: Not quite. Evaluation checks behavior and outcomes, not inner conscience. The behavior can be shaped without giving the model human awareness, intent, or moral agency."
R020,high,v02710-alignment-q3,wrong-feedback-revised,possible_correct_answer_length_bias,"v02710-alignment-q3-loss-only: Close, but loss alone is not a full safety or usefulness evaluation. That would be a durable learning or storage claim; this checkpoint is separating it from temporary context or runtime behavior."
R021,high,v02712-alignment-q4,wrong-feedback-revised,possible_correct_answer_length_bias; possibly_obvious_distractor,"v02712-alignment-q4-2-alignment: A blocked output is not evidence of a new conscience or durable training. The behavior can be shaped without giving the model human awareness, intent, or moral agency."
R021,high,v02712-alignment-q4,wrong-feedback-revised,possible_correct_answer_length_bias; possibly_obvious_distractor,"v02712-alignment-q4-3-prompt: Prompting can steer a run, but it usually does not update weights. That would be a durable learning or storage claim; this checkpoint is separating it from temporary context or runtime behavior."
R021,high,v02712-alignment-q4,wrong-feedback-revised,possible_correct_answer_length_bias; possibly_obvious_distractor,"v02712-alignment-q4-4-truth: A safety decision is not the same as fact verification. Search, retrieval, and evidence use are separate system steps, and they still need checking."
R023,high,v02710-inference-q2,question-stem-revised,"possible_correct_answer_length_bias; premature_jargon:logits,sampling","Stem revised to stand alone and name the mechanism: In one inference step, which trace best matches the model path before the next token appears?"
R023,high,v02710-inference-q2,wrong-feedback-revised,"possible_correct_answer_length_bias; premature_jargon:logits,sampling","v02710-inference-q2-tokenizer-only: Tokenization prepares input, but inference still runs model layers to produce scores. The tempting idea is nearby, but it does not match the boundary this checkpoint is testing."
R024,high,v02710-inference-q3,wrong-feedback-revised,possible_correct_answer_length_bias,"v02710-inference-q3-training-now: Close, but adaptation within a context window is not the same as fine-tuning. Prompt and context can steer a current run without automatically becoming durable learning."
R025,high,v02710-inference-q4,wrong-feedback-revised,possible_correct_answer_length_bias,v02710-inference-q4-auto-learn: Not quite. Durable skill changes require training or another model-update process. That would be a durable learning or storage claim; this checkpoint is separating it from temporary context or runtime behavior.
R025,high,v02710-inference-q4,wrong-feedback-revised,possible_correct_answer_length_bias,"v02710-inference-q4-no-context: Close, but fixed weights can still respond differently to different current contexts. That would be a durable learning or storage claim; this checkpoint is separating it from temporary context or runtime behavior."
R026,high,v02710-prompt-response-q1,wrong-feedback-revised,possible_correct_answer_length_bias,v02710-prompt-response-q1-all-user: Not quite. The user provides the prompt; the model generates response tokens. Prompt and context can steer a current run without automatically becoming durable learning.
R026,high,v02710-prompt-response-q1,wrong-feedback-revised,possible_correct_answer_length_bias,"v02710-prompt-response-q1-all-at-once: Close, but the model generates response tokens step by step. Prompt and context can steer a current run without automatically becoming durable learning."
R027,high,v02710-prompt-response-q2,wrong-feedback-revised,possible_correct_answer_length_bias,"v02710-prompt-response-q2-weight-memory: Close, but using a token later in the run is context, not a weight update. That would be a durable learning or storage claim; this checkpoint is separating it from temporary context or runtime behavior."
R028,high,v02710-prompt-response-q3,wrong-feedback-revised,possible_correct_answer_length_bias,"v02710-prompt-response-q3-conscious: That gives the model too much mind. Better output can come from better context. The behavior can be shaped without giving the model human awareness, intent, or moral agency."
R029,high,v02710-tokens-q1,wrong-feedback-revised,possible_correct_answer_length_bias,"v02710-tokens-q1-whole-word: Not quite. Tokenizers can split words, punctuation, spaces, or other chunks. That swaps this mechanism with a nearby model step; keep the stage boundary clear."
R029,high,v02710-tokens-q1,wrong-feedback-revised,possible_correct_answer_length_bias,"v02710-tokens-q1-concept: Close, but token boundaries do not perfectly match human concepts or meanings. That swaps this mechanism with a nearby model step; keep the stage boundary clear."
UNFLAGGED,review,v02710-tokens-q2,wrong-feedback-revised,,"v02710-tokens-q2-raw-english: Not quite. The model needs numerical representations, starting with tokens and IDs. That swaps this mechanism with a nearby model step; keep the stage boundary clear."
UNFLAGGED,review,v02710-tokens-q2,wrong-feedback-revised,,"v02710-tokens-q2-weights-first: Close, but tokenization prepares the input; it does not rewrite weights. That would be a durable learning or storage claim; this checkpoint is separating it from temporary context or runtime behavior."
UNFLAGGED,review,v02710-tokens-q3,wrong-feedback-revised,,v02710-tokens-q3-prompt-only: Not quite. Generated response tokens are token IDs before being displayed as text. That swaps this mechanism with a nearby model step; keep the stage boundary clear.
UNFLAGGED,review,v02710-tokens-q3,wrong-feedback-revised,,"v02710-tokens-q3-response-only: Close, but prompts also need token representation before model processing. That swaps this mechanism with a nearby model step; keep the stage boundary clear."
R030,high,v02710-token-ids-q2,wrong-feedback-revised,possible_correct_answer_length_bias,"v02710-token-ids-q2-truth: Not quite. Token IDs do not guarantee factual output. Probability, permission, fluency, or confidence is not the same as truth."
R031,high,v02710-token-ids-q3,wrong-feedback-revised,possible_correct_answer_length_bias,v02710-token-ids-q3-weight-update: Not quite. The chosen token can affect the next context without changing weights. That would be a durable learning or storage claim; this checkpoint is separating it from temporary context or runtime behavior.
R031,high,v02710-token-ids-q3,wrong-feedback-revised,possible_correct_answer_length_bias,"v02710-token-ids-q3-raw-word: Close, but the model works with token IDs before text is displayed. That swaps this mechanism with a nearby model step; keep the stage boundary clear."
UNFLAGGED,review,v02712-embeddings-q1,wrong-feedback-revised,,"v02712-embeddings-q1-2-hidden-state: That describes a later context-shaped vector, not the starting lookup. Search, retrieval, and evidence use are separate system steps, and they still need checking."
UNFLAGGED,review,v02712-embeddings-q1,wrong-feedback-revised,,"v02712-embeddings-q1-3-token-id: The ID is a lookup key, not the vector returned by the table. Search, retrieval, and evidence use are separate system steps, and they still need checking."
UNFLAGGED,review,v02712-embeddings-q1,wrong-feedback-revised,,"v02712-embeddings-q1-4-definition: Embeddings are numerical vectors, not text definitions. The tempting idea is nearby, but it does not match the boundary this checkpoint is testing."
R032,high,v02712-embeddings-q2,question-stem-revised,premature_jargon:hidden state,Stem revised to stand alone and name the mechanism: The same token starts with one embedding but appears in two different sentences. What can make its later internal vector differ during inference?
R032,high,v02712-embeddings-q2,wrong-feedback-revised,premature_jargon:hidden state,v02712-embeddings-q2-2-weight-update: Ordinary inference usually uses fixed learned weights. That would be a durable learning or storage claim; this checkpoint is separating it from temporary context or runtime behavior.
R032,high,v02712-embeddings-q2,wrong-feedback-revised,premature_jargon:hidden state,"v02712-embeddings-q2-3-token-id: The ID remains a lookup key; later vectors carry contextual information. Search, retrieval, and evidence use are separate system steps, and they still need checking."
R032,high,v02712-embeddings-q2,wrong-feedback-revised,premature_jargon:hidden state,v02712-embeddings-q2-4-memory: Temporary hidden states are not permanent memories. That would be a durable learning or storage claim; this checkpoint is separating it from temporary context or runtime behavior.
UNFLAGGED,review,v02712-vectors-q1,wrong-feedback-revised,,"v02712-vectors-q1-2-token-id: That describes a token ID, not a vector of many values. The behavior can be shaped without giving the model human awareness, intent, or moral agency."
UNFLAGGED,review,v02712-vectors-q1,wrong-feedback-revised,,v02712-vectors-q1-3-tensor: That is closer to a tensor; a vector is one-dimensional. That swaps this mechanism with a nearby model step; keep the stage boundary clear.
UNFLAGGED,review,v02712-vectors-q1,wrong-feedback-revised,,"v02712-vectors-q1-4-token: Visible text is converted before the model computes with vectors. The tempting idea is nearby, but it does not match the boundary this checkpoint is testing."
R033,high,v02712-vectors-q2,wrong-feedback-revised,possible_correct_answer_length_bias; thin_wrong_feedback,"v02712-vectors-q2-2-feature: That makes distributed features too literal. The tempting idea is nearby, but it does not match the boundary this checkpoint is testing."
R033,high,v02712-vectors-q2,wrong-feedback-revised,possible_correct_answer_length_bias; thin_wrong_feedback,v02712-vectors-q2-3-memory: A vector representation is not a stored conversation. That would be a durable learning or storage claim; this checkpoint is separating it from temporary context or runtime behavior.
R033,high,v02712-vectors-q2,wrong-feedback-revised,possible_correct_answer_length_bias; thin_wrong_feedback,"v02712-vectors-q2-4-citation: Vectors do not carry source citations by themselves. Search, retrieval, and evidence use are separate system steps, and they still need checking."
R034,high,v02712-vectors-q3,question-stem-revised,possible_correct_answer_length_bias; premature_jargon:hidden state,Stem revised to stand alone and name the mechanism: An embedding row and a later internal state can both be vectors. Which boundary matters?
R034,high,v02712-vectors-q3,wrong-feedback-revised,possible_correct_answer_length_bias; premature_jargon:hidden state,"v02712-vectors-q3-2-memory: Conversation memory is a different product feature, not what these vectors are. That would be a durable learning or storage claim; this checkpoint is separating it from temporary context or runtime behavior."
R034,high,v02712-vectors-q3,wrong-feedback-revised,possible_correct_answer_length_bias; premature_jargon:hidden state,"v02712-vectors-q3-3-token-id: A token ID is a scalar lookup key, not the vector itself. Search, retrieval, and evidence use are separate system steps, and they still need checking."
R034,high,v02712-vectors-q3,wrong-feedback-revised,possible_correct_answer_length_bias; premature_jargon:hidden state,"v02712-vectors-q3-4-response-token: Visible text is the display side, not the internal vector state. That swaps this mechanism with a nearby model step; keep the stage boundary clear."
R035,high,v02712-tensors-q1,wrong-feedback-revised,possible_correct_answer_length_bias,"v02712-tensors-q1-2-token-id: A token ID is a lookup key, not a shaped numerical block. Search, retrieval, and evidence use are separate system steps, and they still need checking."
R035,high,v02712-tensors-q1,wrong-feedback-revised,possible_correct_answer_length_bias,"v02712-tensors-q1-3-rule-based-ai: A tensor is data the model computes over, not an if-then rule. That swaps this mechanism with a nearby model step; keep the stage boundary clear."
R036,high,v02712-tensors-q2,wrong-feedback-revised,possible_correct_answer_length_bias; thin_wrong_feedback,v02712-tensors-q2-2-activation: That ignores learned parameter tensors. That swaps this mechanism with a nearby model step; keep the stage boundary clear.
R036,high,v02712-tensors-q2,wrong-feedback-revised,possible_correct_answer_length_bias; thin_wrong_feedback,v02712-tensors-q2-3-memory: That ignores temporary activation tensors. That would be a durable learning or storage claim; this checkpoint is separating it from temporary context or runtime behavior.
R036,high,v02712-tensors-q2,wrong-feedback-revised,possible_correct_answer_length_bias; thin_wrong_feedback,"v02712-tensors-q2-4-token: The model uses numerical arrays, not visible text tables. The tempting idea is nearby, but it does not match the boundary this checkpoint is testing."
UNFLAGGED,review,v02712-attention-q1,wrong-feedback-revised,,"v02712-attention-q1-2-awareness: Attention here is a calculation, not human attention. The behavior can be shaped without giving the model human awareness, intent, or moral agency."
UNFLAGGED,review,v02712-attention-q1,wrong-feedback-revised,,v02712-attention-q1-3-sampling: Sampling happens later after scores become probabilities. That swaps this mechanism with a nearby model step; keep the stage boundary clear.
UNFLAGGED,review,v02712-attention-q1,wrong-feedback-revised,,v02712-attention-q1-4-weight-update: The attention pattern is temporary during inference. That would be a durable learning or storage claim; this checkpoint is separating it from temporary context or runtime behavior.
R037,high,v02712-attention-q2,wrong-feedback-revised,possible_correct_answer_length_bias,v02712-attention-q2-2-memory: Temporary relevance patterns are not saved memory. That would be a durable learning or storage claim; this checkpoint is separating it from temporary context or runtime behavior.
R037,high,v02712-attention-q2,wrong-feedback-revised,possible_correct_answer_length_bias,v02712-attention-q2-3-retrieval: Retrieval can add text to context; attention works inside the model over positions. That swaps this mechanism with a nearby model step; keep the stage boundary clear.
R037,high,v02712-attention-q2,wrong-feedback-revised,possible_correct_answer_length_bias,v02712-attention-q2-4-hidden-state: Attention helps shape hidden states rather than replacing them. That swaps this mechanism with a nearby model step; keep the stage boundary clear.
UNFLAGGED,review,v02712-attention-q3,wrong-feedback-revised,,v02712-attention-q3-2-mlp: That swaps the roles and adds retrieval where it does not belong. That swaps this mechanism with a nearby model step; keep the stage boundary clear.
UNFLAGGED,review,v02712-attention-q3,wrong-feedback-revised,,v02712-attention-q3-3-sampling: Next-token choice and softmax happen later in the Decision Room. That swaps this mechanism with a nearby model step; keep the stage boundary clear.
UNFLAGGED,review,v02712-attention-q3,wrong-feedback-revised,,"v02712-attention-q3-4-awareness: Both are computations, not mental or moral faculties. The behavior can be shaped without giving the model human awareness, intent, or moral agency."
R038,high,v02712-attention-q4,wrong-feedback-revised,possible_correct_answer_length_bias; thin_wrong_feedback,"v02712-attention-q4-2-tokenization: Tokenization happens before vectors and layers. The tempting idea is nearby, but it does not match the boundary this checkpoint is testing."
R038,high,v02712-attention-q4,wrong-feedback-revised,possible_correct_answer_length_bias; thin_wrong_feedback,v02712-attention-q4-3-memory: Attention is not post-response storage. That swaps this mechanism with a nearby model step; keep the stage boundary clear.
R038,high,v02712-attention-q4,wrong-feedback-revised,possible_correct_answer_length_bias; thin_wrong_feedback,"v02712-attention-q4-4-rag: That describes retrieval, not attention inside layers. Search, retrieval, and evidence use are separate system steps, and they still need checking."
UNFLAGGED,review,v02712-mlp-q1,wrong-feedback-revised,,v02712-mlp-q1-2-attention: Attention mainly handles relevance across positions. That swaps this mechanism with a nearby model step; keep the stage boundary clear.
UNFLAGGED,review,v02712-mlp-q1,wrong-feedback-revised,,v02712-mlp-q1-3-sampling: Sampling chooses a token later; it does not reshape layer features. That swaps this mechanism with a nearby model step; keep the stage boundary clear.
UNFLAGGED,review,v02712-mlp-q1,wrong-feedback-revised,,"v02712-mlp-q1-4-retrieval: Retrieval is an outside-system step, not the MLP operation. That swaps this mechanism with a nearby model step; keep the stage boundary clear."
R039,high,v02712-mlp-q2,wrong-feedback-revised,possible_correct_answer_length_bias; thin_wrong_feedback,v02712-mlp-q2-2-weight-update: Ordinary inference does not turn activations into weight updates. That would be a durable learning or storage claim; this checkpoint is separating it from temporary context or runtime behavior.
R039,high,v02712-mlp-q2,wrong-feedback-revised,possible_correct_answer_length_bias; thin_wrong_feedback,v02712-mlp-q2-3-parameter: The MLP uses learned weights even during inference. That would be a durable learning or storage claim; this checkpoint is separating it from temporary context or runtime behavior.
R039,high,v02712-mlp-q2,wrong-feedback-revised,possible_correct_answer_length_bias; thin_wrong_feedback,v02712-mlp-q2-4-memory: Temporary activations are not user memory. That would be a durable learning or storage claim; this checkpoint is separating it from temporary context or runtime behavior.
UNFLAGGED,review,v02712-mlp-q3,wrong-feedback-revised,,v02712-mlp-q3-2-softmax: Softmax converts scores to probabilities later. That swaps this mechanism with a nearby model step; keep the stage boundary clear.
UNFLAGGED,review,v02712-mlp-q3,wrong-feedback-revised,,"v02712-mlp-q3-3-token-id: IDs are lookup numbers, not cross-position relevance. Search, retrieval, and evidence use are separate system steps, and they still need checking."
UNFLAGGED,review,v02712-mlp-q3,wrong-feedback-revised,,v02712-mlp-q3-4-fine-tuning: Fine-tuning is training; this is an inference-time operation. That would be a durable learning or storage claim; this checkpoint is separating it from temporary context or runtime behavior.
UNFLAGGED,review,v02712-layers-q1,wrong-feedback-revised,,v02712-layers-q1-2-training-data: The dataset is not being edited during inference. That would be a durable learning or storage claim; this checkpoint is separating it from temporary context or runtime behavior.
UNFLAGGED,review,v02712-layers-q1,wrong-feedback-revised,,"v02712-layers-q1-3-interface: The UI may wrap the model, but layers are internal model operations. The tempting idea is nearby, but it does not match the boundary this checkpoint is testing."
UNFLAGGED,review,v02712-layers-q1,wrong-feedback-revised,,v02712-layers-q1-4-memory: Hidden states are temporary unless another system stores information separately. That would be a durable learning or storage claim; this checkpoint is separating it from temporary context or runtime behavior.
R040,high,v02712-layers-q2,wrong-feedback-revised,possible_correct_answer_length_bias,v02712-layers-q2-2-weight-update: Activations during inference usually do not update weights. That would be a durable learning or storage claim; this checkpoint is separating it from temporary context or runtime behavior.
R040,high,v02712-layers-q2,wrong-feedback-revised,possible_correct_answer_length_bias,v02712-layers-q2-3-parameter: Learned parameters are reused in future runs. That would be a durable learning or storage claim; this checkpoint is separating it from temporary context or runtime behavior.
R040,high,v02712-layers-q2,wrong-feedback-revised,possible_correct_answer_length_bias,"v02712-layers-q2-4-response: Layers are internal computations, not the displayed response. The tempting idea is nearby, but it does not match the boundary this checkpoint is testing."
R041,high,v02712-layers-q3,wrong-feedback-revised,possible_correct_answer_length_bias,"v02712-layers-q3-2-consciousness: That adds minds where there are computations. The behavior can be shaped without giving the model human awareness, intent, or moral agency."
R041,high,v02712-layers-q3,wrong-feedback-revised,possible_correct_answer_length_bias,"v02712-layers-q3-3-retrieval: Retrieval is outside the layer stack unless a system adds it. Search, retrieval, and evidence use are separate system steps, and they still need checking."
R041,high,v02712-layers-q3,wrong-feedback-revised,possible_correct_answer_length_bias,"v02712-layers-q3-4-alignment: Policy behavior is not the same as each layer being a moral rule. The behavior can be shaped without giving the model human awareness, intent, or moral agency."
R042,high,v02712-layers-q4,wrong-feedback-revised,possible_correct_answer_length_bias,v02712-layers-q4-2-sampling: Sampling happens after the layer stack produces next-token scores. That swaps this mechanism with a nearby model step; keep the stage boundary clear.
R042,high,v02712-layers-q4,wrong-feedback-revised,possible_correct_answer_length_bias,v02712-layers-q4-3-rag: Retrieval indexes are outside the transformer layer operations. That swaps this mechanism with a nearby model step; keep the stage boundary clear.
R042,high,v02712-layers-q4,wrong-feedback-revised,possible_correct_answer_length_bias,v02712-layers-q4-4-training: Training updates weights; ordinary layer flow does not. That would be a durable learning or storage claim; this checkpoint is separating it from temporary context or runtime behavior.
R043,high,v02712-hidden-states-q1,wrong-feedback-revised,possible_correct_answer_length_bias,v02712-hidden-states-q1-2-token-id: The token ID is a lookup key; hidden states carry contextual information. That would be a durable learning or storage claim; this checkpoint is separating it from temporary context or runtime behavior.
R043,high,v02712-hidden-states-q1,wrong-feedback-revised,possible_correct_answer_length_bias,"v02712-hidden-states-q1-3-memory: Temporary hidden states are not saved memories by themselves. The tempting idea is nearby, but it does not match the boundary this checkpoint is testing."
R043,high,v02712-hidden-states-q1,wrong-feedback-revised,possible_correct_answer_length_bias,v02712-hidden-states-q1-4-tokenization: Tokenization happens before embeddings and layers. That swaps this mechanism with a nearby model step; keep the stage boundary clear.
R044,high,v02712-hidden-states-q2,question-stem-revised,generic_stem_needs_mechanism; possible_correct_answer_length_bias; thin_wrong_feedback,"Stem revised to stand alone and name the mechanism: A learner hears ""hidden state"" and imagines secret English thoughts. What does ""hidden"" actually mean here?"
R044,high,v02712-hidden-states-q2,wrong-feedback-revised,generic_stem_needs_mechanism; possible_correct_answer_length_bias; thin_wrong_feedback,"v02712-hidden-states-q2-2-thought: Hidden states are numbers, not encrypted inner speech. The tempting idea is nearby, but it does not match the boundary this checkpoint is testing."
R044,high,v02712-hidden-states-q2,wrong-feedback-revised,generic_stem_needs_mechanism; possible_correct_answer_length_bias; thin_wrong_feedback,"v02712-hidden-states-q2-3-source: A hidden state is not a stored document. Search, retrieval, and evidence use are separate system steps, and they still need checking."
R044,high,v02712-hidden-states-q2,wrong-feedback-revised,generic_stem_needs_mechanism; possible_correct_answer_length_bias; thin_wrong_feedback,"v02712-hidden-states-q2-4-guardrail: Policy filters are product controls, not internal hidden states. The tempting idea is nearby, but it does not match the boundary this checkpoint is testing."
UNFLAGGED,review,v02712-hidden-states-q3,wrong-feedback-revised,,"v02712-hidden-states-q3-2-weight-update: That would be training, not ordinary inference. That would be a durable learning or storage claim; this checkpoint is separating it from temporary context or runtime behavior."
UNFLAGGED,review,v02712-hidden-states-q3,wrong-feedback-revised,,"v02712-hidden-states-q3-3-memory: A product may store memory separately, but hidden states are temporary. That would be a durable learning or storage claim; this checkpoint is separating it from temporary context or runtime behavior."
UNFLAGGED,review,v02712-hidden-states-q3,wrong-feedback-revised,,v02712-hidden-states-q3-4-training-data: Training data is not the current hidden state. That would be a durable learning or storage claim; this checkpoint is separating it from temporary context or runtime behavior.
R045,high,v02712-hidden-states-q4,wrong-feedback-revised,possible_correct_answer_length_bias; premature_jargon:logits,"v02712-hidden-states-q4-2-token-id: Token IDs come before embedding lookup and hidden states. Search, retrieval, and evidence use are separate system steps, and they still need checking."
R045,high,v02712-hidden-states-q4,wrong-feedback-revised,possible_correct_answer_length_bias; premature_jargon:logits,"v02712-hidden-states-q4-3-citation: Citations are generated text or retrieved/source metadata, not hidden states. Search, retrieval, and evidence use are separate system steps, and they still need checking."
R045,high,v02712-hidden-states-q4,wrong-feedback-revised,possible_correct_answer_length_bias; premature_jargon:logits,v02712-hidden-states-q4-4-context-window: They do not bypass context limits or become permanent memory. That would be a durable learning or storage claim; this checkpoint is separating it from temporary context or runtime behavior.
UNFLAGGED,review,v02712-logits-q1,wrong-feedback-revised,,"v02712-logits-q1-2-softmax: That describes the output after softmax, not logits. That swaps this mechanism with a nearby model step; keep the stage boundary clear."
UNFLAGGED,review,v02712-logits-q1,wrong-feedback-revised,,"v02712-logits-q1-3-truth: Logits score token likelihood under context, not truth. Probability, permission, fluency, or confidence is not the same as truth."
UNFLAGGED,review,v02712-logits-q1,wrong-feedback-revised,,v02712-logits-q1-4-embedding: Embeddings happen earlier; logits are near the next-token decision. That swaps this mechanism with a nearby model step; keep the stage boundary clear.
R046,medium,v02712-logits-q2,wrong-feedback-revised,thin_wrong_feedback,"v02712-logits-q2-2-truth: Likelihood under context is not fact verification. Probability, permission, fluency, or confidence is not the same as truth."
R046,medium,v02712-logits-q2,wrong-feedback-revised,thin_wrong_feedback,"v02712-logits-q2-3-rag: Logits do not prove retrieval happened. Search, retrieval, and evidence use are separate system steps, and they still need checking."
R046,medium,v02712-logits-q2,wrong-feedback-revised,thin_wrong_feedback,v02712-logits-q2-4-weight-update: A temporary score is not durable learning. That would be a durable learning or storage claim; this checkpoint is separating it from temporary context or runtime behavior.
UNFLAGGED,review,v02712-logits-q3,wrong-feedback-revised,,"v02712-logits-q3-2-tokenization: Tokenization happens at the input/output text boundary, not after logits. The tempting idea is nearby, but it does not match the boundary this checkpoint is testing."
UNFLAGGED,review,v02712-logits-q3,wrong-feedback-revised,,"v02712-logits-q3-3-fine-tuning: Fine-tuning is training, not a normal generation step. That would be a durable learning or storage claim; this checkpoint is separating it from temporary context or runtime behavior."
UNFLAGGED,review,v02712-logits-q3,wrong-feedback-revised,,"v02712-logits-q3-4-grounding: Grounding requires evidence handling; logits alone do not verify claims. Search, retrieval, and evidence use are separate system steps, and they still need checking."
UNFLAGGED,review,v02712-softmax-q1,wrong-feedback-revised,,v02712-softmax-q1-2-sampling: Sampling or decoding chooses from the distribution after softmax. That swaps this mechanism with a nearby model step; keep the stage boundary clear.
UNFLAGGED,review,v02712-softmax-q1,wrong-feedback-revised,,"v02712-softmax-q1-3-truth: Probability conversion is not fact verification. Probability, permission, fluency, or confidence is not the same as truth."
UNFLAGGED,review,v02712-softmax-q1,wrong-feedback-revised,,"v02712-softmax-q1-4-training: That belongs to training, not inference-time softmax. That would be a durable learning or storage claim; this checkpoint is separating it from temporary context or runtime behavior."
R047,medium,v02712-softmax-q2,wrong-feedback-revised,thin_wrong_feedback,"v02712-softmax-q2-2-truth: That confuses likelihood with truth. Probability, permission, fluency, or confidence is not the same as truth."
R047,medium,v02712-softmax-q2,wrong-feedback-revised,thin_wrong_feedback,"v02712-softmax-q2-3-citation: Softmax does not create or check citations. Search, retrieval, and evidence use are separate system steps, and they still need checking."
R047,medium,v02712-softmax-q2,wrong-feedback-revised,thin_wrong_feedback,"v02712-softmax-q2-4-memory: Softmax is temporary probability conversion, not storage. Probability, permission, fluency, or confidence is not the same as truth."
R048,medium,v02712-softmax-q3,wrong-feedback-revised,thin_wrong_feedback,"v02712-softmax-q3-2-tokenization: Tokenization is earlier in the pipeline. The tempting idea is nearby, but it does not match the boundary this checkpoint is testing."
R048,medium,v02712-softmax-q3,wrong-feedback-revised,thin_wrong_feedback,v02712-softmax-q3-3-response: Softmax is used during next-token generation. That swaps this mechanism with a nearby model step; keep the stage boundary clear.
R048,medium,v02712-softmax-q3,wrong-feedback-revised,thin_wrong_feedback,"v02712-softmax-q3-4-rag: Retrieval is outside this probability step. Probability, permission, fluency, or confidence is not the same as truth."
R049,medium,v02712-sampling-q1,wrong-feedback-revised,thin_wrong_feedback,"v02712-sampling-q1-2-softmax: That is softmax, the step before sampling. That swaps this mechanism with a nearby model step; keep the stage boundary clear."
R049,medium,v02712-sampling-q1,wrong-feedback-revised,thin_wrong_feedback,"v02712-sampling-q1-3-truth: Sampling chooses; it does not verify. Probability, permission, fluency, or confidence is not the same as truth."
R049,medium,v02712-sampling-q1,wrong-feedback-revised,thin_wrong_feedback,v02712-sampling-q1-4-training: Choosing a token during inference is not a weight update. That would be a durable learning or storage claim; this checkpoint is separating it from temporary context or runtime behavior.
UNFLAGGED,review,v02712-sampling-q2,wrong-feedback-revised,,"v02712-sampling-q2-2-context: The next run sees the current context, including the response so far. That swaps this mechanism with a nearby model step; keep the stage boundary clear."
UNFLAGGED,review,v02712-sampling-q2,wrong-feedback-revised,,"v02712-sampling-q2-3-memory: Appending to context is temporary, not durable memory. That would be a durable learning or storage claim; this checkpoint is separating it from temporary context or runtime behavior."
UNFLAGGED,review,v02712-sampling-q2,wrong-feedback-revised,,"v02712-sampling-q2-4-validation: Validation examples are for testing during development, not generation. That swaps this mechanism with a nearby model step; keep the stage boundary clear."
R050,high,v02712-sampling-q3,wrong-feedback-revised,possible_correct_answer_length_bias,v02712-sampling-q3-2-training: Different output does not imply a weight update. That would be a durable learning or storage claim; this checkpoint is separating it from temporary context or runtime behavior.
R050,high,v02712-sampling-q3,wrong-feedback-revised,possible_correct_answer_length_bias,"v02712-sampling-q3-3-token-id: Tokenization is usually deterministic for the same text and tokenizer. The tempting idea is nearby, but it does not match the boundary this checkpoint is testing."
R050,high,v02712-sampling-q3,wrong-feedback-revised,possible_correct_answer_length_bias,v02712-sampling-q3-4-memory: Variation does not require permanent hidden memory. That would be a durable learning or storage claim; this checkpoint is separating it from temporary context or runtime behavior.
R051,medium,v02712-sampling-q4,wrong-feedback-revised,thin_wrong_feedback,v02712-sampling-q4-2-layer: Layers still produce scores before each token choice. That swaps this mechanism with a nearby model step; keep the stage boundary clear.
R051,medium,v02712-sampling-q4,wrong-feedback-revised,thin_wrong_feedback,"v02712-sampling-q4-3-retrieval: Retrieval is separate from token choice. Search, retrieval, and evidence use are separate system steps, and they still need checking."
R051,medium,v02712-sampling-q4,wrong-feedback-revised,thin_wrong_feedback,v02712-sampling-q4-4-weight-update: Inference-time token choice is not training. That would be a durable learning or storage claim; this checkpoint is separating it from temporary context or runtime behavior.
R052,medium,v02712-autoregression-q1,wrong-feedback-revised,thin_wrong_feedback,v02712-autoregression-q1-2-response-token: Generated tokens are appended into the next context. Prompt and context can steer a current run without automatically becoming durable learning.
R052,medium,v02712-autoregression-q1,wrong-feedback-revised,thin_wrong_feedback,"v02712-autoregression-q1-3-weight-update: Appending to context is temporary, not training. That would be a durable learning or storage claim; this checkpoint is separating it from temporary context or runtime behavior."
R052,medium,v02712-autoregression-q1,wrong-feedback-revised,thin_wrong_feedback,"v02712-autoregression-q1-4-rag: Autoregression does not imply retrieval. Search, retrieval, and evidence use are separate system steps, and they still need checking."
R053,medium,v02712-autoregression-q2,wrong-feedback-revised,thin_wrong_feedback,v02712-autoregression-q2-2-context: That does change as tokens are appended. Prompt and context can steer a current run without automatically becoming durable learning.
R053,medium,v02712-autoregression-q2,wrong-feedback-revised,thin_wrong_feedback,"v02712-autoregression-q2-3-response: The visible response grows as tokens are generated. The tempting idea is nearby, but it does not match the boundary this checkpoint is testing."
R053,medium,v02712-autoregression-q2,wrong-feedback-revised,thin_wrong_feedback,v02712-autoregression-q2-4-logits: Logits change from step to step as context changes. That swaps this mechanism with a nearby model step; keep the stage boundary clear.
UNFLAGGED,review,v02712-autoregression-q3,wrong-feedback-revised,,"v02712-autoregression-q3-2-optimizer: The optimizer is part of training, not context overflow. That would be a durable learning or storage claim; this checkpoint is separating it from temporary context or runtime behavior."
UNFLAGGED,review,v02712-autoregression-q3,wrong-feedback-revised,,v02712-autoregression-q3-3-embedding-table: The table is not what fills up during a long context. That swaps this mechanism with a nearby model step; keep the stage boundary clear.
UNFLAGGED,review,v02712-autoregression-q3,wrong-feedback-revised,,"v02712-autoregression-q3-4-softmax: Softmax converts scores; it does not manage context length. Search, retrieval, and evidence use are separate system steps, and they still need checking."
UNFLAGGED,review,v02712-context-window-q1,wrong-feedback-revised,,v02712-context-window-q1-2-weight-update: Losing context is not training or untraining. That would be a durable learning or storage claim; this checkpoint is separating it from temporary context or runtime behavior.
UNFLAGGED,review,v02712-context-window-q1,wrong-feedback-revised,,"v02712-context-window-q1-3-source: Context limits do not delete outside documents. Search, retrieval, and evidence use are separate system steps, and they still need checking."
UNFLAGGED,review,v02712-context-window-q1,wrong-feedback-revised,,"v02712-context-window-q1-4-consciousness: Context limits are a system constraint, not awareness. The behavior can be shaped without giving the model human awareness, intent, or moral agency."
R054,high,v02712-context-window-q2,wrong-feedback-revised,possible_correct_answer_length_bias,v02712-context-window-q2-2-training: Prompt/context tokens usually do not update weights. That would be a durable learning or storage claim; this checkpoint is separating it from temporary context or runtime behavior.
R054,high,v02712-context-window-q2,wrong-feedback-revised,possible_correct_answer_length_bias,v02712-context-window-q2-3-context-window: The model cannot directly attend to text outside the current context. Prompt and context can steer a current run without automatically becoming durable learning.
R054,high,v02712-context-window-q2,wrong-feedback-revised,possible_correct_answer_length_bias,v02712-context-window-q2-4-hidden-state: Hidden states are temporary numerical activations. That would be a durable learning or storage claim; this checkpoint is separating it from temporary context or runtime behavior.
R055,medium,v02712-context-window-q3,wrong-feedback-revised,thin_wrong_feedback,v02712-context-window-q3-2-fine-tuning: Retrieval is not fine-tuning. That would be a durable learning or storage claim; this checkpoint is separating it from temporary context or runtime behavior.
R055,medium,v02712-context-window-q3,wrong-feedback-revised,thin_wrong_feedback,"v02712-context-window-q3-3-web-search: RAG uses a retrieval system; the model is not magically browsing all files. Search, retrieval, and evidence use are separate system steps, and they still need checking."
R055,medium,v02712-context-window-q3,wrong-feedback-revised,thin_wrong_feedback,"v02712-context-window-q3-4-softmax: Softmax is probability conversion, not evidence storage. Search, retrieval, and evidence use are separate system steps, and they still need checking."
R056,high,v02712-context-window-q4,wrong-feedback-revised,possible_correct_answer_length_bias; thin_wrong_feedback,v02712-context-window-q4-2-response-token: They are appended while they remain in context. Prompt and context can steer a current run without automatically becoming durable learning.
R056,high,v02712-context-window-q4,wrong-feedback-revised,possible_correct_answer_length_bias; thin_wrong_feedback,v02712-context-window-q4-3-training: Ordinary generation is not durable training. That would be a durable learning or storage claim; this checkpoint is separating it from temporary context or runtime behavior.
R056,high,v02712-context-window-q4,wrong-feedback-revised,possible_correct_answer_length_bias; thin_wrong_feedback,"v02712-context-window-q4-4-grounding: Generated text still needs evidence support. Search, retrieval, and evidence use are separate system steps, and they still need checking."
R057,medium,v02712-rag-retrieval-q1,wrong-feedback-revised,possibly_obvious_distractor,"v02712-rag-retrieval-q1-2-fine-tuning: That would require training or adaptation, not ordinary RAG. That would be a durable learning or storage claim; this checkpoint is separating it from temporary context or runtime behavior."
R057,medium,v02712-rag-retrieval-q1,wrong-feedback-revised,possibly_obvious_distractor,"v02712-rag-retrieval-q1-3-consciousness: Retrieval is a system process, not awareness. The behavior can be shaped without giving the model human awareness, intent, or moral agency."
R057,medium,v02712-rag-retrieval-q1,wrong-feedback-revised,possibly_obvious_distractor,"v02712-rag-retrieval-q1-4-truth-guarantee: Retrieved text can help, but it can be poor or misused. Probability, permission, fluency, or confidence is not the same as truth."
R058,medium,v02712-rag-retrieval-q2,wrong-feedback-revised,thin_wrong_feedback,"v02712-rag-retrieval-q2-2-privacy: That would require permissions and connection to a retriever. Search, retrieval, and evidence use are separate system steps, and they still need checking."
R058,medium,v02712-rag-retrieval-q2,wrong-feedback-revised,thin_wrong_feedback,v02712-rag-retrieval-q2-3-pretraining: RAG is specifically about outside information entering context. That would be a durable learning or storage claim; this checkpoint is separating it from temporary context or runtime behavior.
R058,medium,v02712-rag-retrieval-q2,wrong-feedback-revised,thin_wrong_feedback,"v02712-rag-retrieval-q2-4-hallucination: Generated source-like text is not retrieval. Search, retrieval, and evidence use are separate system steps, and they still need checking."
R059,high,v02712-rag-retrieval-q3,wrong-feedback-revised,possible_correct_answer_length_bias,"v02712-rag-retrieval-q3-2-training: That describes training, not retrieval into context. That would be a durable learning or storage claim; this checkpoint is separating it from temporary context or runtime behavior."
R059,high,v02712-rag-retrieval-q3,wrong-feedback-revised,possible_correct_answer_length_bias,v02712-rag-retrieval-q3-3-memory: Retrieved passages are temporary unless another system stores them. That would be a durable learning or storage claim; this checkpoint is separating it from temporary context or runtime behavior.
R059,high,v02712-rag-retrieval-q3,wrong-feedback-revised,possible_correct_answer_length_bias,v02712-rag-retrieval-q3-4-inference: The LLM still generates through its normal inference path. That swaps this mechanism with a nearby model step; keep the stage boundary clear.
R060,high,v02712-rag-retrieval-q4,wrong-feedback-revised,possible_correct_answer_length_bias; thin_wrong_feedback,"v02712-rag-retrieval-q4-2-citation: Citations can still be missing, stale, or misused. The tempting idea is nearby, but it does not match the boundary this checkpoint is testing."
R060,high,v02712-rag-retrieval-q4,wrong-feedback-revised,possible_correct_answer_length_bias; thin_wrong_feedback,"v02712-rag-retrieval-q4-3-hallucination: Unsupported generation can still happen. The tempting idea is nearby, but it does not match the boundary this checkpoint is testing."
R060,high,v02712-rag-retrieval-q4,wrong-feedback-revised,possible_correct_answer_length_bias; thin_wrong_feedback,v02712-rag-retrieval-q4-4-pretraining: The LLM still uses learned patterns and weights. That would be a durable learning or storage claim; this checkpoint is separating it from temporary context or runtime behavior.
R061,high,v02712-grounding-q1,wrong-feedback-revised,possible_correct_answer_length_bias,"v02712-grounding-q1-2-truth-guarantee: Evidence must be relevant and used faithfully. Search, retrieval, and evidence use are separate system steps, and they still need checking."
R061,high,v02712-grounding-q1,wrong-feedback-revised,possible_correct_answer_length_bias,"v02712-grounding-q1-3-citation: A generated citation can look real without support. Search, retrieval, and evidence use are separate system steps, and they still need checking."
R061,high,v02712-grounding-q1,wrong-feedback-revised,possible_correct_answer_length_bias,"v02712-grounding-q1-4-softmax: Probability conversion is not evidence checking. Search, retrieval, and evidence use are separate system steps, and they still need checking."
R062,high,v02712-grounding-q2,question-stem-revised,generic_stem_needs_mechanism; possible_correct_answer_length_bias; thin_wrong_feedback,Stem revised to stand alone and name the mechanism: A campus answer cites retrieved documents and data. What is grounding trying to connect?
R062,high,v02712-grounding-q2,wrong-feedback-revised,generic_stem_needs_mechanism; possible_correct_answer_length_bias; thin_wrong_feedback,"v02712-grounding-q2-2-confidence: Grounding is not a feeling or moral signal. The behavior can be shaped without giving the model human awareness, intent, or moral agency."
R062,high,v02712-grounding-q2,wrong-feedback-revised,generic_stem_needs_mechanism; possible_correct_answer_length_bias; thin_wrong_feedback,v02712-grounding-q2-3-training: Grounding usually concerns evidence in the current system/run. That would be a durable learning or storage claim; this checkpoint is separating it from temporary context or runtime behavior.
R062,high,v02712-grounding-q2,wrong-feedback-revised,generic_stem_needs_mechanism; possible_correct_answer_length_bias; thin_wrong_feedback,"v02712-grounding-q2-4-token-id: That is not the evidence relationship grounding cares about. Search, retrieval, and evidence use are separate system steps, and they still need checking."
R063,medium,v02712-grounding-q3,wrong-feedback-revised,thin_wrong_feedback,"v02712-grounding-q3-2-citation: Citation-looking output still needs verification. Search, retrieval, and evidence use are separate system steps, and they still need checking."
R063,medium,v02712-grounding-q3,wrong-feedback-revised,thin_wrong_feedback,"v02712-grounding-q3-3-intent: Unsupported output is not proof of intent. The behavior can be shaped without giving the model human awareness, intent, or moral agency."
R063,medium,v02712-grounding-q3,wrong-feedback-revised,thin_wrong_feedback,"v02712-grounding-q3-4-embedding: Embeddings do not contain human-readable source records by themselves. Search, retrieval, and evidence use are separate system steps, and they still need checking."
R064,high,v02712-grounding-q4,wrong-feedback-revised,possible_correct_answer_length_bias,"v02712-grounding-q4-2-fine-tuning: They usually happen during inference, not durable training. That would be a durable learning or storage claim; this checkpoint is separating it from temporary context or runtime behavior."
R064,high,v02712-grounding-q4,wrong-feedback-revised,possible_correct_answer_length_bias,"v02712-grounding-q4-3-hallucination: Grounding can fail when evidence is poor or misused. Search, retrieval, and evidence use are separate system steps, and they still need checking."
R064,high,v02712-grounding-q4,wrong-feedback-revised,possible_correct_answer_length_bias,"v02712-grounding-q4-4-human-review: Evidence support still needs human judgment when stakes are high. Search, retrieval, and evidence use are separate system steps, and they still need checking."
R065,medium,v02712-hallucinations-q1,wrong-feedback-revised,thin_wrong_feedback,"v02712-hallucinations-q1-2-intent: Unsupported output is not evidence of intention or malice. Search, retrieval, and evidence use are separate system steps, and they still need checking."
R065,medium,v02712-hallucinations-q1,wrong-feedback-revised,thin_wrong_feedback,"v02712-hallucinations-q1-3-citation: Citation style is not evidence support. Search, retrieval, and evidence use are separate system steps, and they still need checking."
R065,medium,v02712-hallucinations-q1,wrong-feedback-revised,thin_wrong_feedback,"v02712-hallucinations-q1-4-retrieval: Source-like text does not prove retrieval happened. Search, retrieval, and evidence use are separate system steps, and they still need checking."
R066,medium,v02712-hallucinations-q2,wrong-feedback-revised,thin_wrong_feedback,v02712-hallucinations-q2-2-softmax: Softmax converts scores to probabilities; it does not verify facts. That swaps this mechanism with a nearby model step; keep the stage boundary clear.
R066,medium,v02712-hallucinations-q2,wrong-feedback-revised,thin_wrong_feedback,v02712-hallucinations-q2-3-context-window: Context is limited and temporary. Prompt and context can steer a current run without automatically becoming durable learning.
R066,medium,v02712-hallucinations-q2,wrong-feedback-revised,thin_wrong_feedback,"v02712-hallucinations-q2-4-alignment: Alignment shaping is not a truth guarantee. The behavior can be shaped without giving the model human awareness, intent, or moral agency."
R067,medium,v02712-hallucinations-q3,wrong-feedback-revised,thin_wrong_feedback,"v02712-hallucinations-q3-2-moral-agency: That adds intent the mechanism does not establish. The behavior can be shaped without giving the model human awareness, intent, or moral agency."
R067,medium,v02712-hallucinations-q3,wrong-feedback-revised,thin_wrong_feedback,"v02712-hallucinations-q3-3-rag: Retrieval and support must be checked. Search, retrieval, and evidence use are separate system steps, and they still need checking."
R067,medium,v02712-hallucinations-q3,wrong-feedback-revised,thin_wrong_feedback,"v02712-hallucinations-q3-4-probability: Hallucination is about support, not only token probability. Probability, permission, fluency, or confidence is not the same as truth."
R068,high,v02712-hallucinations-q4,wrong-feedback-revised,possible_correct_answer_length_bias; thin_wrong_feedback,"v02712-hallucinations-q4-2-confidence: Confidence in wording is not support. Probability, permission, fluency, or confidence is not the same as truth."
R068,high,v02712-hallucinations-q4,wrong-feedback-revised,possible_correct_answer_length_bias; thin_wrong_feedback,v02712-hallucinations-q4-3-context: Relevant context can help; removing it is not a safeguard. That would be a durable learning or storage claim; this checkpoint is separating it from temporary context or runtime behavior.
R068,high,v02712-hallucinations-q4,wrong-feedback-revised,possible_correct_answer_length_bias; thin_wrong_feedback,"v02712-hallucinations-q4-4-scale: Scale does not eliminate unsupported generation. The tempting idea is nearby, but it does not match the boundary this checkpoint is testing."
R069,medium,v02712-how-ai-learns-q1,wrong-feedback-revised,thin_wrong_feedback,"v02712-how-ai-learns-q1-2-prompt: That describes prompting, not fine-tuning. Prompt and context can steer a current run without automatically becoming durable learning."
R069,medium,v02712-how-ai-learns-q1,wrong-feedback-revised,thin_wrong_feedback,v02712-how-ai-learns-q1-3-rag: Retrieval adds context; it does not by itself train. That would be a durable learning or storage claim; this checkpoint is separating it from temporary context or runtime behavior.
R069,medium,v02712-how-ai-learns-q1,wrong-feedback-revised,thin_wrong_feedback,"v02712-how-ai-learns-q1-4-sampling: Sampling is a generation-time choice, not durable adaptation. That would be a durable learning or storage claim; this checkpoint is separating it from temporary context or runtime behavior."
UNFLAGGED,review,v02712-how-ai-learns-q2,wrong-feedback-revised,,"v02712-how-ai-learns-q2-2-pretraining: Pretraining happens earlier across broad data. The tempting idea is nearby, but it does not match the boundary this checkpoint is testing."
UNFLAGGED,review,v02712-how-ai-learns-q2,wrong-feedback-revised,,v02712-how-ai-learns-q2-3-fine-tuning: A pasted prompt alone usually does not update weights. That would be a durable learning or storage claim; this checkpoint is separating it from temporary context or runtime behavior.
UNFLAGGED,review,v02712-how-ai-learns-q2,wrong-feedback-revised,,v02712-how-ai-learns-q2-4-model-checkpoint: No checkpoint is saved by ordinary prompt use. That would be a durable learning or storage claim; this checkpoint is separating it from temporary context or runtime behavior.
R070,medium,v02712-how-ai-learns-q3,wrong-feedback-revised,thin_wrong_feedback,v02712-how-ai-learns-q3-2-memory: Retrieved information is temporary unless a separate system saves it. That would be a durable learning or storage claim; this checkpoint is separating it from temporary context or runtime behavior.
R070,medium,v02712-how-ai-learns-q3,wrong-feedback-revised,thin_wrong_feedback,"v02712-how-ai-learns-q3-3-loss: That is training machinery, not ordinary RAG. The behavior can be shaped without giving the model human awareness, intent, or moral agency."
R070,medium,v02712-how-ai-learns-q3,wrong-feedback-revised,thin_wrong_feedback,"v02712-how-ai-learns-q3-4-alignment: Retrieved text is evidence, not conscience. The behavior can be shaped without giving the model human awareness, intent, or moral agency."
R071,medium,v02712-how-ai-learns-q4,question-stem-revised,generic_stem_needs_mechanism; thin_wrong_feedback,"Stem revised to stand alone and name the mechanism: In the learning-bucket sort, which action can durably change future model behavior?"
R071,medium,v02712-how-ai-learns-q4,wrong-feedback-revised,generic_stem_needs_mechanism; thin_wrong_feedback,"v02712-how-ai-learns-q4-2-system-prompt: That steers the current run or product behavior, not necessarily weights. That would be a durable learning or storage claim; this checkpoint is separating it from temporary context or runtime behavior."
R071,medium,v02712-how-ai-learns-q4,wrong-feedback-revised,generic_stem_needs_mechanism; thin_wrong_feedback,"v02712-how-ai-learns-q4-3-retrieval: That is temporary input for inference. Search, retrieval, and evidence use are separate system steps, and they still need checking."
R071,medium,v02712-how-ai-learns-q4,wrong-feedback-revised,generic_stem_needs_mechanism; thin_wrong_feedback,v02712-how-ai-learns-q4-4-response-token: That grows context; it does not train the model. That would be a durable learning or storage claim; this checkpoint is separating it from temporary context or runtime behavior.
R072,high,v02712-how-ai-learns-q5,wrong-feedback-revised,possible_correct_answer_length_bias,"v02712-how-ai-learns-q5-2-learning: Usefulness can come from context, retrieval, or existing weights. That would be a durable learning or storage claim; this checkpoint is separating it from temporary context or runtime behavior."
R072,high,v02712-how-ai-learns-q5,wrong-feedback-revised,possible_correct_answer_length_bias,"v02712-how-ai-learns-q5-3-training: Models can be trained, but the mechanism differs from human learning. The tempting idea is nearby, but it does not match the boundary this checkpoint is testing."
R072,high,v02712-how-ai-learns-q5,wrong-feedback-revised,possible_correct_answer_length_bias,"v02712-how-ai-learns-q5-4-validation: Validation examples are for testing, not every response. The tempting idea is nearby, but it does not match the boundary this checkpoint is testing."
R073,medium,v02712-diffusion-q1,wrong-feedback-revised,thin_wrong_feedback,v02712-diffusion-q1-2-llm: Diffusion is a different generation process. That swaps this mechanism with a nearby model step; keep the stage boundary clear.
R073,medium,v02712-diffusion-q1,wrong-feedback-revised,thin_wrong_feedback,"v02712-diffusion-q1-3-diffusion-model: Text LLM generation is usually autoregressive. The tempting idea is nearby, but it does not match the boundary this checkpoint is testing."
R073,medium,v02712-diffusion-q1,wrong-feedback-revised,thin_wrong_feedback,"v02712-diffusion-q1-4-consciousness: Generation method does not imply human awareness. The behavior can be shaped without giving the model human awareness, intent, or moral agency."
R074,medium,v02712-diffusion-q2,wrong-feedback-revised,thin_wrong_feedback,v02712-diffusion-q2-2-autoregression: That is the text LLM loop. That swaps this mechanism with a nearby model step; keep the stage boundary clear.
R074,medium,v02712-diffusion-q2,wrong-feedback-revised,thin_wrong_feedback,v02712-diffusion-q2-3-rag: Retrieval is separate from diffusion generation. Prompt and context can steer a current run without automatically becoming durable learning.
R074,medium,v02712-diffusion-q2,wrong-feedback-revised,thin_wrong_feedback,v02712-diffusion-q2-4-training: Generation usually does not update weights. That would be a durable learning or storage claim; this checkpoint is separating it from temporary context or runtime behavior.
R075,high,v02712-diffusion-q3,wrong-feedback-revised,possible_correct_answer_length_bias; thin_wrong_feedback,"v02712-diffusion-q3-2-ai: LLMs are one branch, not all AI. The tempting idea is nearby, but it does not match the boundary this checkpoint is testing."
R075,high,v02712-diffusion-q3,wrong-feedback-revised,possible_correct_answer_length_bias; thin_wrong_feedback,"v02712-diffusion-q3-3-truth: Generated media can still mislead or need review. Probability, permission, fluency, or confidence is not the same as truth."
R075,high,v02712-diffusion-q3,wrong-feedback-revised,possible_correct_answer_length_bias; thin_wrong_feedback,"v02712-diffusion-q3-4-multimodal-ai: Processing media types is not human perception. The tempting idea is nearby, but it does not match the boundary this checkpoint is testing."
UNFLAGGED,review,v02712-multimodal-q1,wrong-feedback-revised,,"v02712-multimodal-q1-2-perception: Processing images is not the same as human perception. The tempting idea is nearby, but it does not match the boundary this checkpoint is testing."
UNFLAGGED,review,v02712-multimodal-q1,wrong-feedback-revised,,"v02712-multimodal-q1-3-training: Inputs during use usually enter context, not weights. That would be a durable learning or storage claim; this checkpoint is separating it from temporary context or runtime behavior."
UNFLAGGED,review,v02712-multimodal-q1,wrong-feedback-revised,,"v02712-multimodal-q1-4-llm: A multimodal system adds media processing beyond plain text. The tempting idea is nearby, but it does not match the boundary this checkpoint is testing."
R076,high,v02712-multimodal-q2,wrong-feedback-revised,possible_correct_answer_length_bias; thin_wrong_feedback,"v02712-multimodal-q2-2-consciousness: That adds human experience the mechanism does not show. The tempting idea is nearby, but it does not match the boundary this checkpoint is testing."
R076,high,v02712-multimodal-q2,wrong-feedback-revised,possible_correct_answer_length_bias; thin_wrong_feedback,"v02712-multimodal-q2-3-retrieval: Web/image search requires a connected tool or index. Search, retrieval, and evidence use are separate system steps, and they still need checking."
R076,high,v02712-multimodal-q2,wrong-feedback-revised,possible_correct_answer_length_bias; thin_wrong_feedback,"v02712-multimodal-q2-4-grounding: Media input can still be misread or misused. The tempting idea is nearby, but it does not match the boundary this checkpoint is testing."
R077,high,v02712-multimodal-q3,wrong-feedback-revised,possible_correct_answer_length_bias,"v02712-multimodal-q3-2-diffusion: They can be combined in products while remaining different methods. The tempting idea is nearby, but it does not match the boundary this checkpoint is testing."
R077,high,v02712-multimodal-q3,wrong-feedback-revised,possible_correct_answer_length_bias,v02712-multimodal-q3-3-memory: Multiple media types do not imply stored memory. That would be a durable learning or storage claim; this checkpoint is separating it from temporary context or runtime behavior.
R077,high,v02712-multimodal-q3,wrong-feedback-revised,possible_correct_answer_length_bias,"v02712-multimodal-q3-4-truth: Evidence and interpretation still need checking. Search, retrieval, and evidence use are separate system steps, and they still need checking."
UNFLAGGED,review,v02712-perfect-storm-q1,wrong-feedback-revised,,"v02712-perfect-storm-q1-2-prompting: Prompting matters, but it did not create the whole infrastructure. Prompt and context can steer a current run without automatically becoming durable learning."
UNFLAGGED,review,v02712-perfect-storm-q1,wrong-feedback-revised,,"v02712-perfect-storm-q1-3-compute: Compute is one ingredient, not the whole storm. The tempting idea is nearby, but it does not match the boundary this checkpoint is testing."
UNFLAGGED,review,v02712-perfect-storm-q1,wrong-feedback-revised,,"v02712-perfect-storm-q1-4-consciousness: Capability growth is not evidence of awakening. Search, retrieval, and evidence use are separate system steps, and they still need checking."
R078,high,v02712-perfect-storm-q2,wrong-feedback-revised,possible_correct_answer_length_bias,"v02712-perfect-storm-q2-2-labor: Human work shaped data, evaluation, labeling, deployment, and review. The behavior can be shaped without giving the model human awareness, intent, or moral agency."
R078,high,v02712-perfect-storm-q2,wrong-feedback-revised,possible_correct_answer_length_bias,"v02712-perfect-storm-q2-3-incentives: Markets and institutions affect what gets built and scaled. The tempting idea is nearby, but it does not match the boundary this checkpoint is testing."
R078,high,v02712-perfect-storm-q2,wrong-feedback-revised,possible_correct_answer_length_bias,"v02712-perfect-storm-q2-4-storage: Storage supports the system but does not explain capability by itself. The tempting idea is nearby, but it does not match the boundary this checkpoint is testing."
R079,medium,v02712-perfect-storm-q3,question-stem-revised,generic_stem_needs_mechanism,Stem revised to stand alone and name the mechanism: A learner says LLMs came from one magic invention. What does the storm-front metaphor correct?
R079,medium,v02712-perfect-storm-q3,wrong-feedback-revised,generic_stem_needs_mechanism,"v02712-perfect-storm-q3-2-consciousness: Consciousness is not the mechanism described here. The behavior can be shaped without giving the model human awareness, intent, or moral agency."
R079,medium,v02712-perfect-storm-q3,wrong-feedback-revised,generic_stem_needs_mechanism,"v02712-perfect-storm-q3-3-rag: Retrieval is useful, but large models still depend on training and infrastructure. That would be a durable learning or storage claim; this checkpoint is separating it from temporary context or runtime behavior."
R079,medium,v02712-perfect-storm-q3,wrong-feedback-revised,generic_stem_needs_mechanism,"v02712-perfect-storm-q3-4-prompting: Prompting did not create the learned base capability. The tempting idea is nearby, but it does not match the boundary this checkpoint is testing."
R080,high,v02712-perfect-storm-q4,wrong-feedback-revised,possible_correct_answer_length_bias,"v02712-perfect-storm-q4-2-mechanism: The wider landscape builds on the mechanics, not away from them. The tempting idea is nearby, but it does not match the boundary this checkpoint is testing."
R080,high,v02712-perfect-storm-q4,wrong-feedback-revised,possible_correct_answer_length_bias,"v02712-perfect-storm-q4-3-grounding: Infrastructure enables systems; it does not verify every output. The tempting idea is nearby, but it does not match the boundary this checkpoint is testing."
R080,high,v02712-perfect-storm-q4,wrong-feedback-revised,possible_correct_answer_length_bias,"v02712-perfect-storm-q4-4-risk: Real-world costs and risks are part of the wider landscape. The tempting idea is nearby, but it does not match the boundary this checkpoint is testing."
R081,medium,v02712-collective-intelligence-q1,wrong-feedback-revised,thin_wrong_feedback,"v02712-collective-intelligence-q1-2-consciousness: The system depends on data, labor, and training infrastructure. That would be a durable learning or storage claim; this checkpoint is separating it from temporary context or runtime behavior."
R081,medium,v02712-collective-intelligence-q1,wrong-feedback-revised,thin_wrong_feedback,"v02712-collective-intelligence-q1-3-prompt: The prompt matters, but learned patterns came from earlier data. Prompt and context can steer a current run without automatically becoming durable learning."
R081,medium,v02712-collective-intelligence-q1,wrong-feedback-revised,thin_wrong_feedback,v02712-collective-intelligence-q1-4-memory: Training is not a perfect source archive. That would be a durable learning or storage claim; this checkpoint is separating it from temporary context or runtime behavior.
R082,high,v02712-collective-intelligence-q2,wrong-feedback-revised,possible_correct_answer_length_bias,"v02712-collective-intelligence-q2-2-intent: The issue is real even without human-like intent. The behavior can be shaped without giving the model human awareness, intent, or moral agency."
R082,high,v02712-collective-intelligence-q2,wrong-feedback-revised,possible_correct_answer_length_bias,"v02712-collective-intelligence-q2-3-memorization: Outputs often reflect patterns, not direct retrieval. Search, retrieval, and evidence use are separate system steps, and they still need checking."
R082,high,v02712-collective-intelligence-q2,wrong-feedback-revised,possible_correct_answer_length_bias,v02712-collective-intelligence-q2-4-context: Current context still shapes the answer during inference. Prompt and context can steer a current run without automatically becoming durable learning.
R083,high,v02712-collective-intelligence-q3,wrong-feedback-revised,possible_correct_answer_length_bias; possibly_obvious_distractor; thin_wrong_feedback,"v02712-collective-intelligence-q3-2-pretraining: Pretraining happened before use; search is a separate system action. Search, retrieval, and evidence use are separate system steps, and they still need checking."
R083,high,v02712-collective-intelligence-q3,wrong-feedback-revised,possible_correct_answer_length_bias; possibly_obvious_distractor; thin_wrong_feedback,v02712-collective-intelligence-q3-3-truth: Training data can contain errors and biases. That would be a durable learning or storage claim; this checkpoint is separating it from temporary context or runtime behavior.
R083,high,v02712-collective-intelligence-q3,wrong-feedback-revised,possible_correct_answer_length_bias; possibly_obvious_distractor; thin_wrong_feedback,"v02712-collective-intelligence-q3-4-moral-agency: Humans and institutions remain accountable for deployment choices. The tempting idea is nearby, but it does not match the boundary this checkpoint is testing."
R084,high,v02712-costs-we-must-count-q1,wrong-feedback-revised,possible_correct_answer_length_bias,"v02712-costs-we-must-count-q1-2-inference-cost: Per-use cost matters, but it is not the whole deployment cost. Prompt and context can steer a current run without automatically becoming durable learning."
R084,high,v02712-costs-we-must-count-q1,wrong-feedback-revised,possible_correct_answer_length_bias,"v02712-costs-we-must-count-q1-3-training-cost: Repeated inference and institutional operations also cost money and labor. The tempting idea is nearby, but it does not match the boundary this checkpoint is testing."
R084,high,v02712-costs-we-must-count-q1,wrong-feedback-revised,possible_correct_answer_length_bias,"v02712-costs-we-must-count-q1-4-digital-cost: Digital systems still use energy, infrastructure, data, and people. The tempting idea is nearby, but it does not match the boundary this checkpoint is testing."
R085,medium,v02712-costs-we-must-count-q2,wrong-feedback-revised,thin_wrong_feedback,v02712-costs-we-must-count-q2-2-inference: Running the model still takes resources. That would be a durable learning or storage claim; this checkpoint is separating it from temporary context or runtime behavior.
R085,medium,v02712-costs-we-must-count-q2,wrong-feedback-revised,thin_wrong_feedback,v02712-costs-we-must-count-q2-3-weight-update: Ordinary inference usually does not update weights. That would be a durable learning or storage claim; this checkpoint is separating it from temporary context or runtime behavior.
R085,medium,v02712-costs-we-must-count-q2,wrong-feedback-revised,thin_wrong_feedback,"v02712-costs-we-must-count-q2-4-prompt-token: Input and output processing both use resources. The tempting idea is nearby, but it does not match the boundary this checkpoint is testing."
R086,medium,v02712-costs-we-must-count-q3,question-stem-revised,generic_stem_needs_mechanism; thin_wrong_feedback,"Stem revised to stand alone and name the mechanism: A product is called digital, so someone assumes it is weightless. What costs does that hide?"
R086,medium,v02712-costs-we-must-count-q3,wrong-feedback-revised,generic_stem_needs_mechanism; thin_wrong_feedback,"v02712-costs-we-must-count-q3-2-benefit: Benefits can be real while costs still need counting. The tempting idea is nearby, but it does not match the boundary this checkpoint is testing."
R086,medium,v02712-costs-we-must-count-q3,wrong-feedback-revised,generic_stem_needs_mechanism; thin_wrong_feedback,"v02712-costs-we-must-count-q3-3-energy: Environmental costs matter, but labor, privacy, and governance matter too. The tempting idea is nearby, but it does not match the boundary this checkpoint is testing."
R086,medium,v02712-costs-we-must-count-q3,wrong-feedback-revised,generic_stem_needs_mechanism; thin_wrong_feedback,v02712-costs-we-must-count-q3-4-governance: Scale and context affect the review needed. Prompt and context can steer a current run without automatically becoming durable learning.
R087,high,v02712-costs-we-must-count-q4,wrong-feedback-revised,possible_correct_answer_length_bias,"v02712-costs-we-must-count-q4-2-risk: Responsible evaluation compares benefits, costs, and alternatives. The tempting idea is nearby, but it does not match the boundary this checkpoint is testing."
R087,high,v02712-costs-we-must-count-q4,wrong-feedback-revised,possible_correct_answer_length_bias,"v02712-costs-we-must-count-q4-3-hype: Impressive demos still need deployment accounting. The tempting idea is nearby, but it does not match the boundary this checkpoint is testing."
R087,high,v02712-costs-we-must-count-q4,wrong-feedback-revised,possible_correct_answer_length_bias,v02712-costs-we-must-count-q4-4-training: Cost counting is a human governance practice. That would be a durable learning or storage claim; this checkpoint is separating it from temporary context or runtime behavior.
R088,medium,v02712-risk-myth-q1,wrong-feedback-revised,thin_wrong_feedback,"v02712-risk-myth-q1-2-softmax: Softmax converts scores to probabilities; it is not file access. Search, retrieval, and evidence use are separate system steps, and they still need checking."
R088,medium,v02712-risk-myth-q1,wrong-feedback-revised,thin_wrong_feedback,"v02712-risk-myth-q1-3-consciousness: Risk does not require consciousness. The behavior can be shaped without giving the model human awareness, intent, or moral agency."
R088,medium,v02712-risk-myth-q1,wrong-feedback-revised,thin_wrong_feedback,"v02712-risk-myth-q1-4-truth: Private input does not guarantee accurate output. Probability, permission, fluency, or confidence is not the same as truth."
UNFLAGGED,review,v02712-risk-myth-q2,wrong-feedback-revised,,"v02712-risk-myth-q2-2-moral-agency: Risk assessment should start with system behavior and governance. The behavior can be shaped without giving the model human awareness, intent, or moral agency."
UNFLAGGED,review,v02712-risk-myth-q2,wrong-feedback-revised,,"v02712-risk-myth-q2-3-memory: Retention depends on system design and policy, not magic memory. That would be a durable learning or storage claim; this checkpoint is separating it from temporary context or runtime behavior."
UNFLAGGED,review,v02712-risk-myth-q2,wrong-feedback-revised,,"v02712-risk-myth-q2-4-myth: Practical risks can be immediate and ordinary. The tempting idea is nearby, but it does not match the boundary this checkpoint is testing."
R089,medium,v02712-risk-myth-q3,wrong-feedback-revised,thin_wrong_feedback,"v02712-risk-myth-q3-2-intent: That imports human motives into the mechanism. The tempting idea is nearby, but it does not match the boundary this checkpoint is testing."
R089,medium,v02712-risk-myth-q3,wrong-feedback-revised,thin_wrong_feedback,"v02712-risk-myth-q3-3-harm: Unsupported output can still cause real harm. The tempting idea is nearby, but it does not match the boundary this checkpoint is testing."
R089,medium,v02712-risk-myth-q3,wrong-feedback-revised,thin_wrong_feedback,"v02712-risk-myth-q3-4-grounding: Citation format needs evidence checking. Search, retrieval, and evidence use are separate system steps, and they still need checking."
R090,high,v02712-risk-myth-q4,wrong-feedback-revised,possible_correct_answer_length_bias,"v02712-risk-myth-q4-2-myth: Fearmongering can hide the real controls people need. The tempting idea is nearby, but it does not match the boundary this checkpoint is testing."
R090,high,v02712-risk-myth-q4,wrong-feedback-revised,possible_correct_answer_length_bias,"v02712-risk-myth-q4-3-consciousness: Non-conscious systems can still create real harms. The behavior can be shaped without giving the model human awareness, intent, or moral agency."
R090,high,v02712-risk-myth-q4,wrong-feedback-revised,possible_correct_answer_length_bias,"v02712-risk-myth-q4-4-scale: Better models still need policy, evaluation, and review. The tempting idea is nearby, but it does not match the boundary this checkpoint is testing."
R091,high,v02712-benefits-worth-taking-seriously-q1,wrong-feedback-revised,possible_correct_answer_length_bias; thin_wrong_feedback,v02712-benefits-worth-taking-seriously-q1-2-automation: Speed does not remove accountability or context. Prompt and context can steer a current run without automatically becoming durable learning.
R091,high,v02712-benefits-worth-taking-seriously-q1,wrong-feedback-revised,possible_correct_answer_length_bias; thin_wrong_feedback,"v02712-benefits-worth-taking-seriously-q1-3-accessibility: Access can improve, but quality and bias still need review. The tempting idea is nearby, but it does not match the boundary this checkpoint is testing."
R091,high,v02712-benefits-worth-taking-seriously-q1,wrong-feedback-revised,possible_correct_answer_length_bias; thin_wrong_feedback,"v02712-benefits-worth-taking-seriously-q1-4-consciousness: Usefulness does not require a mind. The behavior can be shaped without giving the model human awareness, intent, or moral agency."
R092,high,v02712-benefits-worth-taking-seriously-q2,wrong-feedback-revised,possible_correct_answer_length_bias; thin_wrong_feedback,"v02712-benefits-worth-taking-seriously-q2-2-prompt: Prompts matter, but learned weights and tools also matter. That would be a durable learning or storage claim; this checkpoint is separating it from temporary context or runtime behavior."
R092,high,v02712-benefits-worth-taking-seriously-q2,wrong-feedback-revised,possible_correct_answer_length_bias; thin_wrong_feedback,v02712-benefits-worth-taking-seriously-q2-3-fine-tuning: Most use does not retrain after each prompt. That would be a durable learning or storage claim; this checkpoint is separating it from temporary context or runtime behavior.
R092,high,v02712-benefits-worth-taking-seriously-q2,wrong-feedback-revised,possible_correct_answer_length_bias; thin_wrong_feedback,"v02712-benefits-worth-taking-seriously-q2-4-hallucination: Useful assistance should be checked and grounded when needed. Probability, permission, fluency, or confidence is not the same as truth."
R093,high,v02712-benefits-worth-taking-seriously-q3,question-stem-revised,generic_stem_needs_mechanism; possible_correct_answer_length_bias,Stem revised to stand alone and name the mechanism: A team names real AI benefits while still checking limits and costs. Which misconception does that avoid?
R093,high,v02712-benefits-worth-taking-seriously-q3,wrong-feedback-revised,generic_stem_needs_mechanism; possible_correct_answer_length_bias,"v02712-benefits-worth-taking-seriously-q3-2-costs: Benefits and costs should be considered together. The tempting idea is nearby, but it does not match the boundary this checkpoint is testing."
R093,high,v02712-benefits-worth-taking-seriously-q3,wrong-feedback-revised,generic_stem_needs_mechanism; possible_correct_answer_length_bias,"v02712-benefits-worth-taking-seriously-q3-3-risk: Responsible judgment can include useful applications. The tempting idea is nearby, but it does not match the boundary this checkpoint is testing."
R093,high,v02712-benefits-worth-taking-seriously-q3,wrong-feedback-revised,generic_stem_needs_mechanism; possible_correct_answer_length_bias,"v02712-benefits-worth-taking-seriously-q3-4-truth: Usefulness still needs evaluation and review. Probability, permission, fluency, or confidence is not the same as truth."
R094,medium,v02712-human-centered-ai-q1,wrong-feedback-revised,thin_wrong_feedback,"v02712-human-centered-ai-q1-2-automation: Confidence is not accountability. Probability, permission, fluency, or confidence is not the same as truth."
R094,medium,v02712-human-centered-ai-q1,wrong-feedback-revised,thin_wrong_feedback,"v02712-human-centered-ai-q1-3-guardrail: Guardrails can help, but they do not carry human responsibility. The tempting idea is nearby, but it does not match the boundary this checkpoint is testing."
R094,medium,v02712-human-centered-ai-q1,wrong-feedback-revised,thin_wrong_feedback,"v02712-human-centered-ai-q1-4-prompt: Prompting does not create conscience. The behavior can be shaped without giving the model human awareness, intent, or moral agency."
R095,high,v02712-human-centered-ai-q2,question-stem-revised,mixed_choice_length; possible_correct_answer_length_bias; thin_wrong_feedback,Stem revised to stand alone and name the mechanism: A team writes a careful system prompt for advising support. Why does that alone not make the system human-centered?
R095,high,v02712-human-centered-ai-q2,wrong-feedback-revised,mixed_choice_length; possible_correct_answer_length_bias; thin_wrong_feedback,v02712-human-centered-ai-q2-2-prompt: Prompting usually changes temporary context. That would be a durable learning or storage claim; this checkpoint is separating it from temporary context or runtime behavior.
R095,high,v02712-human-centered-ai-q2,wrong-feedback-revised,mixed_choice_length; possible_correct_answer_length_bias; thin_wrong_feedback,"v02712-human-centered-ai-q2-3-grounding: Verification needs evidence and process. Search, retrieval, and evidence use are separate system steps, and they still need checking."
R095,high,v02712-human-centered-ai-q2,wrong-feedback-revised,mixed_choice_length; possible_correct_answer_length_bias; thin_wrong_feedback,"v02712-human-centered-ai-q2-4-human-centered-ai: That reverses the point of human-centered design. The tempting idea is nearby, but it does not match the boundary this checkpoint is testing."
UNFLAGGED,review,v02712-human-centered-ai-q3,wrong-feedback-revised,,"v02712-human-centered-ai-q3-2-automation: High stakes call for oversight, not blind delegation. The tempting idea is nearby, but it does not match the boundary this checkpoint is testing."
UNFLAGGED,review,v02712-human-centered-ai-q3,wrong-feedback-revised,,"v02712-human-centered-ai-q3-3-consciousness: People remain responsible for system design and use. The behavior can be shaped without giving the model human awareness, intent, or moral agency."
UNFLAGGED,review,v02712-human-centered-ai-q3,wrong-feedback-revised,,"v02712-human-centered-ai-q3-4-rag: Retrieval can help, but decisions still need judgment. The tempting idea is nearby, but it does not match the boundary this checkpoint is testing."
R096,medium,v02712-human-centered-ai-q4,wrong-feedback-revised,thin_wrong_feedback,"v02712-human-centered-ai-q4-2-risk: Human-centered work uses risk literacy. The tempting idea is nearby, but it does not match the boundary this checkpoint is testing."
R096,medium,v02712-human-centered-ai-q4,wrong-feedback-revised,thin_wrong_feedback,"v02712-human-centered-ai-q4-3-scale: Model size does not replace governance. The tempting idea is nearby, but it does not match the boundary this checkpoint is testing."
R096,medium,v02712-human-centered-ai-q4,wrong-feedback-revised,thin_wrong_feedback,"v02712-human-centered-ai-q4-4-benefit: Human-centered use can include AI assistance with accountability. The tempting idea is nearby, but it does not match the boundary this checkpoint is testing."
R097,medium,v02712-better-ai-choice-q1,wrong-feedback-revised,thin_wrong_feedback,"v02712-better-ai-choice-q1-2-prompt: A prompt can help, but evaluation and review still matter. Prompt and context can steer a current run without automatically becoming durable learning."
R097,medium,v02712-better-ai-choice-q1,wrong-feedback-revised,thin_wrong_feedback,"v02712-better-ai-choice-q1-3-scale: Scale does not replace governance. The tempting idea is nearby, but it does not match the boundary this checkpoint is testing."
R097,medium,v02712-better-ai-choice-q1,wrong-feedback-revised,thin_wrong_feedback,"v02712-better-ai-choice-q1-4-rag: Evidence-sensitive tasks often need grounded context. Search, retrieval, and evidence use are separate system steps, and they still need checking."
R098,high,v02712-better-ai-choice-q2,wrong-feedback-revised,possible_correct_answer_length_bias; thin_wrong_feedback,v02712-better-ai-choice-q2-2-sampling: That is a temporary generation outcome. That swaps this mechanism with a nearby model step; keep the stage boundary clear.
R098,high,v02712-better-ai-choice-q2,wrong-feedback-revised,possible_correct_answer_length_bias; thin_wrong_feedback,v02712-better-ai-choice-q2-3-prompt: A prompt can steer one run but may not durably shape the system. Prompt and context can steer a current run without automatically becoming durable learning.
R098,high,v02712-better-ai-choice-q2,wrong-feedback-revised,possible_correct_answer_length_bias; thin_wrong_feedback,"v02712-better-ai-choice-q2-4-interface: Interface matters for use, but this answer asks about durable behavior shaping. That would be a durable learning or storage claim; this checkpoint is separating it from temporary context or runtime behavior."
R099,medium,v02712-better-ai-choice-q3,wrong-feedback-revised,thin_wrong_feedback,"v02712-better-ai-choice-q3-2-risk: Review and design can reduce harms. The tempting idea is nearby, but it does not match the boundary this checkpoint is testing."
R099,medium,v02712-better-ai-choice-q3,wrong-feedback-revised,thin_wrong_feedback,"v02712-better-ai-choice-q3-3-benefit: Useful systems still need governance. The tempting idea is nearby, but it does not match the boundary this checkpoint is testing."
R099,medium,v02712-better-ai-choice-q3,wrong-feedback-revised,thin_wrong_feedback,"v02712-better-ai-choice-q3-4-softmax: Many choices are human, institutional, and design-level. That swaps this mechanism with a nearby model step; keep the stage boundary clear."
R100,high,v02712-better-ai-choice-q4,wrong-feedback-revised,possible_correct_answer_length_bias; thin_wrong_feedback,"v02712-better-ai-choice-q4-2-moral-agency: Models do not carry human accountability. The tempting idea is nearby, but it does not match the boundary this checkpoint is testing."
R100,high,v02712-better-ai-choice-q4,wrong-feedback-revised,possible_correct_answer_length_bias; thin_wrong_feedback,"v02712-better-ai-choice-q4-3-interface: Human-centered design should make limits legible. The tempting idea is nearby, but it does not match the boundary this checkpoint is testing."
R100,high,v02712-better-ai-choice-q4,wrong-feedback-revised,possible_correct_answer_length_bias; thin_wrong_feedback,v02712-better-ai-choice-q4-4-fine-tuning: Feedback needs process before it becomes training. That would be a durable learning or storage claim; this checkpoint is separating it from temporary context or runtime behavior.
R101,medium,v02712-effective-prompting-literacy-q1,wrong-feedback-revised,thin_wrong_feedback,v02712-effective-prompting-literacy-q1-2-fine-tuning: Prompting usually does not update weights. That would be a durable learning or storage claim; this checkpoint is separating it from temporary context or runtime behavior.
R101,medium,v02712-effective-prompting-literacy-q1,wrong-feedback-revised,thin_wrong_feedback,"v02712-effective-prompting-literacy-q1-3-truth: A prompt cannot create evidence that is not available. Search, retrieval, and evidence use are separate system steps, and they still need checking."
R101,medium,v02712-effective-prompting-literacy-q1,wrong-feedback-revised,thin_wrong_feedback,"v02712-effective-prompting-literacy-q1-4-rag: Access depends on connected tools and permissions. Search, retrieval, and evidence use are separate system steps, and they still need checking."
R102,high,v02712-effective-prompting-literacy-q2,wrong-feedback-revised,possible_correct_answer_length_bias; thin_wrong_feedback,v02712-effective-prompting-literacy-q2-2-training: Durable teaching requires training or adaptation. That would be a durable learning or storage claim; this checkpoint is separating it from temporary context or runtime behavior.
R102,high,v02712-effective-prompting-literacy-q2,wrong-feedback-revised,possible_correct_answer_length_bias; thin_wrong_feedback,"v02712-effective-prompting-literacy-q2-3-truth: Truth still depends on evidence and review. Search, retrieval, and evidence use are separate system steps, and they still need checking."
R102,high,v02712-effective-prompting-literacy-q2,wrong-feedback-revised,possible_correct_answer_length_bias; thin_wrong_feedback,"v02712-effective-prompting-literacy-q2-4-consciousness: Prompt responsiveness is not awareness. The behavior can be shaped without giving the model human awareness, intent, or moral agency."
R103,high,v02712-effective-prompting-literacy-q3,wrong-feedback-revised,possible_correct_answer_length_bias; thin_wrong_feedback,"v02712-effective-prompting-literacy-q3-2-web-search: Search requires a connected tool or retrieval system. Search, retrieval, and evidence use are separate system steps, and they still need checking."
R103,high,v02712-effective-prompting-literacy-q3,wrong-feedback-revised,possible_correct_answer_length_bias; thin_wrong_feedback,v02712-effective-prompting-literacy-q3-3-fine-tuning: Ordinary prompting is not self-training. That would be a durable learning or storage claim; this checkpoint is separating it from temporary context or runtime behavior.
R103,high,v02712-effective-prompting-literacy-q3,wrong-feedback-revised,possible_correct_answer_length_bias; thin_wrong_feedback,"v02712-effective-prompting-literacy-q3-4-citation: Citation shape must be checked against real sources. Search, retrieval, and evidence use are separate system steps, and they still need checking."
R104,high,v02712-effective-prompting-literacy-q4,wrong-feedback-revised,possible_correct_answer_length_bias,"v02712-effective-prompting-literacy-q4-2-accountability: Humans remain responsible for use and decisions. The tempting idea is nearby, but it does not match the boundary this checkpoint is testing."
R104,high,v02712-effective-prompting-literacy-q4,wrong-feedback-revised,possible_correct_answer_length_bias,"v02712-effective-prompting-literacy-q4-3-risk: Better prompts do not erase deployment questions. The tempting idea is nearby, but it does not match the boundary this checkpoint is testing."
R104,high,v02712-effective-prompting-literacy-q4,wrong-feedback-revised,possible_correct_answer_length_bias,"v02712-effective-prompting-literacy-q4-4-response-token: Generated tokens are appended in context, not automatically trained into weights. That would be a durable learning or storage claim; this checkpoint is separating it from temporary context or runtime behavior."
R105,high,v02712-model-literate-synthesis-q1,wrong-feedback-revised,possible_correct_answer_length_bias,"v02712-model-literate-synthesis-q1-2-consciousness: That skips the next-token mechanism and adds awareness. The behavior can be shaped without giving the model human awareness, intent, or moral agency."
R105,high,v02712-model-literate-synthesis-q1,wrong-feedback-revised,possible_correct_answer_length_bias,"v02712-model-literate-synthesis-q1-3-training: Prompting usually changes context, not durable weights. That would be a durable learning or storage claim; this checkpoint is separating it from temporary context or runtime behavior."
R105,high,v02712-model-literate-synthesis-q1,wrong-feedback-revised,possible_correct_answer_length_bias,"v02712-model-literate-synthesis-q1-4-grounding: Those are different parts of a system and generation process. Probability, permission, fluency, or confidence is not the same as truth."
R106,high,v02712-model-literate-synthesis-q2,wrong-feedback-revised,mixed_choice_length; possible_correct_answer_length_bias,v02712-model-literate-synthesis-q2-2-memory: Usefulness during a run does not imply durable storage. That would be a durable learning or storage claim; this checkpoint is separating it from temporary context or runtime behavior.
R106,high,v02712-model-literate-synthesis-q2,wrong-feedback-revised,mixed_choice_length; possible_correct_answer_length_bias,"v02712-model-literate-synthesis-q2-3-rag: Retrieval supplies context; fine-tuning changes learned behavior. Search, retrieval, and evidence use are separate system steps, and they still need checking."
R106,high,v02712-model-literate-synthesis-q2,wrong-feedback-revised,mixed_choice_length; possible_correct_answer_length_bias,"v02712-model-literate-synthesis-q2-4-truth: Generated text still needs evidence and review. Search, retrieval, and evidence use are separate system steps, and they still need checking."
R107,high,v02712-model-literate-synthesis-q3,wrong-feedback-revised,possible_correct_answer_length_bias; thin_wrong_feedback,"v02712-model-literate-synthesis-q3-2-understanding: Fluency is not wisdom or awareness. The behavior can be shaped without giving the model human awareness, intent, or moral agency."
R107,high,v02712-model-literate-synthesis-q3,wrong-feedback-revised,possible_correct_answer_length_bias; thin_wrong_feedback,"v02712-model-literate-synthesis-q3-3-intent: Unsupported output does not prove intent. The behavior can be shaped without giving the model human awareness, intent, or moral agency."
R107,high,v02712-model-literate-synthesis-q3,wrong-feedback-revised,possible_correct_answer_length_bias; thin_wrong_feedback,"v02712-model-literate-synthesis-q3-4-probability: High-probability tokens can still be unsupported. Probability, permission, fluency, or confidence is not the same as truth."
R108,high,v02712-model-literate-synthesis-q4,question-stem-revised,mixed_choice_length; possible_correct_answer_length_bias,Stem revised to stand alone and name the mechanism: Why does following one prompt across the whole day help final synthesis?
R108,high,v02712-model-literate-synthesis-q4,wrong-feedback-revised,mixed_choice_length; possible_correct_answer_length_bias,v02712-model-literate-synthesis-q4-2-training: The Journey separates durable learning from temporary inference. That would be a durable learning or storage claim; this checkpoint is separating it from temporary context or runtime behavior.
R108,high,v02712-model-literate-synthesis-q4,wrong-feedback-revised,mixed_choice_length; possible_correct_answer_length_bias,"v02712-model-literate-synthesis-q4-3-risk: Mechanics clarify real risks as well as myths. The tempting idea is nearby, but it does not match the boundary this checkpoint is testing."
R108,high,v02712-model-literate-synthesis-q4,wrong-feedback-revised,mixed_choice_length; possible_correct_answer_length_bias,"v02712-model-literate-synthesis-q4-4-human-review: Judgment matters throughout use and deployment. The tempting idea is nearby, but it does not match the boundary this checkpoint is testing."
R109,high,v02712-model-literate-synthesis-q5,wrong-feedback-revised,possible_correct_answer_length_bias,"v02712-model-literate-synthesis-q5-2-consciousness: Mind language can mislead when it hides the mechanism. The behavior can be shaped without giving the model human awareness, intent, or moral agency."
R109,high,v02712-model-literate-synthesis-q5,wrong-feedback-revised,possible_correct_answer_length_bias,"v02712-model-literate-synthesis-q5-3-database: They generate tokens from weights and context, sometimes with retrieval. That would be a durable learning or storage claim; this checkpoint is separating it from temporary context or runtime behavior."
R109,high,v02712-model-literate-synthesis-q5,wrong-feedback-revised,possible_correct_answer_length_bias,v02712-model-literate-synthesis-q5-4-risk: Reducing myths should sharpen attention to real risks. That swaps this mechanism with a nearby model step; keep the stage boundary clear.
