index,id,title,visualType,priority,recommendation,recommendationNote,objective,captionTitle,caption,labelCount,sampleLabels,screenshot
1,before-morning-llm-cloud,Prompt to Prediction,generated PNG or image asset,P3,Keep,Generated asset works well as the opening mechanism visual; keep text in HTML captions.,Show current context flowing through learned weights into one generated token.,Prompt to Prediction,"Prompt to PredictionScore, choose, append, repeatCurrent context enters the model, learned weights shape next-token probabilities, one token is generated, and the response grows token by token.1Context enters The current prompt and response-so-far become the visible input for this run.2Weights shape probabilities Learned weights, built earlier during training, shape next-token scores.3One token is generated The model chooses one response token from the probability cloud.4Response grows That token is appended, then the model runs again.Key takeaway: An LLM turns context into next-token probabilities.Accessible description: A prompt ribbon enters a folded-paper model cloud and one token-like bead leaves it. The explanation emphasizes that context enters, learned weights shape probabilities, one token is generated, and the response grows one token at a time.",0,,screenshots/v0-27-15/01-before-morning-llm-cloud.png
2,ai-family-tree,AI Family Tree,coded SVG,P3,Keep,Readable topology visual; tap/reveal behavior supports the category map.,Give learners a simple topology of AI categories before the history card introduces rules-first and learned-pattern traditions.,AI Family Tree,"AI Family TreeWhere LLMs fitA clean taxonomy tree shows AI as the broad field, machine learning as one branch inside AI, and LLMs as one branch inside generative AI.1AI AI is the broad field.2Machine learning Machine learning systems learn patterns from data.3Deep learning Deep learning is a neural-network branch of machine learning.4Generative AI Generative AI creates new media, such as text, images, audio, code, or video.5LLMs LLMs generate language/code; diffusion and multimodal systems are neighboring generative AI branches.Key takeaway: An LLM is one kind of generative AI inside the broader AI family.Accessible description: A taxonomy tree starts at AI. One branch is Rule-based AI. Another branch is Machine learning, which splits into Classical ML and Deep learning. Deep learning splits into Other deep learning and Generative AI. Generative AI branches into LLMs, Diffusion, and Multimodal systems.",10,AI | Rule-based AI | Machine learning | Classical ML | Deep learning | Other deep learning | Generative AI | LLMs | Diffusion | Multimodal,screenshots/v0-27-15/02-ai-family-tree.png
3,traditions,Rules and Learned Patterns,coded SVG,P3,Keep,Rules versus learned-patterns visual is clear; Loss has glossary support.,Contrast explicit rules with learned patterns without turning the diagram into a poster.,Rules and Learned Patterns,"Rules and Learned PatternsTwo traditions, one modern toolkitRules-first AI uses symbols and if-then logic; deep learning learns from examples by predicting, measuring loss, and updating weights.1Rules Symbolic systems use explicit if/then logic and symbols.2Examples Loss is the training signal: it measures prediction error so weights can be adjusted.3Bridge Modern systems often combine learned models with rules, retrieval, tools, filters, and policies.Key takeaway: Modern AI often blends learned patterns with hand-built rules and tools.Accessible description: Two side-by-side panels compare rules, symbols, and if-then logic with examples, loss as a prediction-error signal, and weights, joined by a bridge labeled combine both.",9,Rules | symbols | if-then | logic | Patterns | examples | loss | weights | Combine both,screenshots/v0-27-15/03-traditions.png
4,training-loop,Training Loop,coded SVG,P3,Keep,"Training loop clearly separates examples, loss, and weight update.",Show the sequence of training and make the durable weight-update step visually distinct.,Training Loop,"Training LoopDurable change happens at weight updatePredict, compare, loss, update weights, repeat. Training changes weights.1Predict The model predicts a target.2Compare The prediction is compared with the target.3Loss Loss measures error.4Update weights Weight updates are the durable-change step.5Repeat The loop repeats many times.Key takeaway: Training changes weights; ordinary inference does not.Accessible description: A five-step loop moves from Predict to Compare to Loss to Update weights to Repeat, with Update weights highlighted.",11,Predict | Compare | Loss | Update weights | Repeat | 1 | 2 | 3 | 4 | 5 | durable change,screenshots/v0-27-15/04-training-loop.png
5,before-morning-pretraining-landscape,Broad Pretraining,generated PNG or image asset,P3,Keep,Generated landscape communicates scale without replacing accessible HTML copy.,Show broad data exposure shaping durable model weights before ordinary use.,Broad Pretraining,"Broad PretrainingScale, not perfect recallMany examples flow through the training loop. Repeated updates shape weights into broad patterns the model can use later. This does not make the model a perfect memory of its sources.1Many examples flow Pretraining repeats the training loop across enormous collections of examples.2Updates shape weights Prediction errors drive repeated weight updates during training.3Broad patterns form The model learns statistical patterns that can help later prompts.4Not perfect recall Pretraining does not store every source as a searchable memory.Key takeaway: Pretraining builds broad capability, not perfect source recall.Accessible description: Many abstract paper fragments and light streams shape a folded-paper landscape. The explanation emphasizes that many examples flow through training, repeated updates shape weights, broad patterns form, and pretraining is not perfect source memory.",0,,screenshots/v0-27-15/05-before-morning-pretraining-landscape.png
6,overfitting-generalization,Overfitting vs Generalization,coded SVG,P2,Revise later,"Set-aside validation is explained, but future polish should make the held-back examples visually unmistakable at 320px.",Memorizing training examples is not the same as learning patterns that transfer to set-aside validation examples.,Overfitting vs Generalization,Overfitting vs GeneralizationMemorizing training examples is not the same as learning patterns that transfer to set-aside validation examples.1Point 1 Training examples are old dots the model fit during training.2Point 2 Point 2: Validation examples are set aside - kept out of training - to test transfer.3Point 3 The overfit curve traces old dots too tightly.4Point 4 The generalizing curve is smoother and reaches new examples.,5,too fitted | train | validation | overfit | smooth,screenshots/v0-27-15/06-overfitting-generalization.png
7,before-morning-finetuning-path,Fine-Tuning Path,generated PNG or image asset,P2,Revise later,"Generated image is usable, but a future coded callout should contrast durable adaptation with prompt, RAG, and sampling more explicitly.",Show targeted training carving a more specific path through a pretrained model landscape.,Fine-Tuning Path,"Fine-Tuning PathDurable adaptation after pretrainingFine-tuning starts from a pretrained base, adds targeted examples or preference data, and shapes future responses more durably than one prompt.1Pretrained base Fine-tuning begins with a model already shaped by broad pretraining.2Targeted data Examples, domain data, or preference data guide the additional training step.3Future responses The training changes how the model is likely to behave later.4More than a prompt Fine-tuning is durable adaptation, unlike one temporary prompt or retrieved document.Key takeaway: Fine-tuning adapts future behavior through additional training.Accessible description: A glowing path crosses a folded-paper terrain with small example cards nearby. The explanation emphasizes that fine-tuning starts from a pretrained base, adds targeted examples or preference data, shapes future responses, and is more durable than one prompt.",0,,screenshots/v0-27-15/07-before-morning-finetuning-path.png
8,before-morning-alignment-garden,Alignment Landscape,generated PNG or image asset,P3,Keep,Generated visual supports the alignment metaphor; captions keep limits explicit.,"Show alignment as guided behavior shaping, not moral understanding.",Alignment Landscape,"Alignment LandscapeShaping behavior, not conscienceAlignment encourages preferred behavior, uses guardrails to reduce risky paths, and relies on feedback and policies without giving the model a conscience.1Preferred behavior Training and system design can encourage more useful response patterns.2Guardrails Runtime safeguards can reduce risky paths during use.3Feedback and policies Human feedback, evaluations, policies, and filters can shape behavior.4No conscience Alignment does not give the model moral understanding or a truth guarantee.Key takeaway: Alignment shapes behavior, but it is not magic morality.Accessible description: A calm folded-paper garden contains a glowing path, soft guardrails, compass-like light, and muted warning zones. The explanation emphasizes that preferred behavior is encouraged, guardrails reduce risky paths, feedback and policies shape behavior, and the model does not gain conscience.",0,,screenshots/v0-27-15/08-before-morning-alignment-garden.png
9,inference-pass,Forward Pass,coded SVG,P3,Fixed this pass,"Tiny output label changed from the example word to token so it reads as generated-token output, not a mysterious component.",Make temporary inference state central while keeping durable weights visibly fixed.,Forward Pass,"Forward PassFixed weights, temporary activationsInference uses fixed weights to create temporary activations, hidden states, and next-token scores.1Context The current prompt, retrieved text, conversation, and response-so-far enter the run.2Fixed weights The learned weights are used but not normally updated.3Temporary activations The run creates temporary internal states that lead to next-token scores.4Next token Decoding chooses one response token, then the loop can repeat.Key takeaway: Inference is a forward pass, not durable training.Accessible description: The diagram sends current context through fixed weights into a central temporary activation tray, then toward next-token scores and one generated token.",10,context | temporary | activations | scores | token | fixed weights | 1 | 2 | 3 | 4,screenshots/v0-27-15/09-inference-pass.png
10,prompt-response,Prompt vs Response,coded HTML/CSS,P3,Keep,"Recent stacked-panel repair is crisp and separates given prompt, response-so-far, next token, and updated context.","Separate the complete user prompt from response-so-far, next token, and the current context for the next run.",Prompt vs Response,"Prompt vs ResponseGiven context versus generated tokensPrompt tokens are given to the model; response tokens are generated one at a time and appended to the next context.1Given prompt The request ""Describe two pets in conflict"" is already provided input.2Generated response The response-so-far ""A jealous dog"" was generated by the model.3Next token The newly selected token ""chased"" is appended to the response.4Updated context The next run sees prompt plus response so far plus the new token.Key takeaway: Prompt is given; response tokens are generated and appended.Accessible description: A roomier stacked visual shows given prompt tokens, generated response-so-far tokens, a separate newly selected next token, and an updated-context tray that combines them for the next run.",12,Describe | two pets | conflict | A | jealous | dog | chased | prompt | A | jealous | dog | chased,screenshots/v0-27-15/10-prompt-response.png
11,tokenization,Text to Tokens,coded HTML/CSS,P2,Watch,Recent token-chip repair is mostly readable; keep watching the final token/punctuation example at 320px.,"Show that tokens can be words, word pieces, punctuation, or other chunks.",Text to Tokens,"Text to TokensUneven chunks, punctuation includedText is split into model-readable chunks before token IDs and embedding lookup.1Simplified split A | jealous | dog | chased | a | startled | cat | across | the | kitchen | floor | .2Uneven chunks Some tokenizers may split words or punctuation, such as start | led or floor | .3Teaching note This app uses a simplified split; real tokenizer output can differ.Key takeaway: Tokens are model-readable chunks, not always human words.Accessible description: The visual starts with a sentence, then shows simplified token chips and uneven examples for startled and floor punctuation.",18,A | jealous | dog | chased | a | startled | cat | across | the | kitchen | floor | . | startled | start | led | floor. | floor | .,screenshots/v0-27-15/11-tokenization.png
12,token-ids,Token IDs,coded SVG,P3,Keep,Lookup-key flow is clear and avoids implying the ID contains meaning.,"Separate the token string, its numeric ID, and the embedding row the ID selects.",Token IDs,"Token IDsLookup keys, not meaningEach token gets a lookup number that points to an embedding-table row.1Token dog, cat, and floor are text chunks.2ID 421, 982, and 1576 are lookup keys.3Embedding row The ID points to the learned starting vector row.4Limit The number itself is not the meaning.Key takeaway: Token IDs point; they do not understand.Accessible description: Three token cards connect to ID cards, which connect to highlighted rows in an embedding table.",16,"token | ID | table row | dog | ID 421 | row | cat | ID 982 | row | floor | ID 1576 | row | ID is a lookup key, not meaning | 1 | 2 | 3",screenshots/v0-27-15/12-token-ids.png
13,embeddings,Embedding Lookup,coded SVG,P3,Keep,Durable table versus temporary vector is clear.,Distinguish the durable learned table from the temporary vector retrieved for the current run.,Embedding Lookup,"Embedding LookupDurable table, temporary vectorA token ID retrieves a learned starting vector from a durable embedding table.1Durable table The embedding table was learned during training.2Temporary retrieval Inference retrieves one row for the current context.3Starting vector The retrieved vector starts the token in numerical space.4Hidden state later Transformer layers later reshape it into context-shaped hidden states.Key takeaway: Embedding means learned starting vector, not dictionary definition.Accessible description: ID 1576 points into a durable table, retrieves one temporary vector, and then a later hidden-state note sits downstream.",12,ID 1576 | durable | table | row 1 | row 2 | row 3 | row 4 | hidden later | 1 | 2 | 3 | 4,screenshots/v0-27-15/13-embeddings.png
14,vectors,Feature Vector,coded SVG,P2,Revise later,Abstract feature dimensions are correct but could use a less dense future visual for nontechnical learners.,Let learners compare a simplified slider view with unlabeled distributed numerical features.,Feature Vector,Feature VectorTeaching labels versus distributed featuresA vector is a list of numbers; real features are distributed rather than neat English sliders.1Teaching sliders Labels such as animal-ish or tone are simplified for learning.2Distributed features Real model features are spread across many dimensions.3Why vectors Vectors let the model compute with fuzzy numerical relationships.Key takeaway: Vectors are useful because many fuzzy features can vary at once.Accessible description: The visual contrasts labeled teaching sliders with unlabeled distributed bars and dots.,10,teaching sliders | animal-ish | grammar | tone | position | distributed | real dimensions are usually unlabeled | 1 | 2 | 3,screenshots/v0-27-15/14-vectors.png
15,tensors,Tensor Block,coded SVG,P2,Revise later,Tensor blocks are accurate but visually abstract; future pass can clarify dimensions and temporary/durable status.,"Show token positions, feature dimensions, and an optional batch note without a heavy 3D library.",Tensor Block,"Tensor BlockToken axis plus feature axisTensors organize many token vectors so model layers can process them.1Token axis Each row can represent one visible token position.2Feature axis Each column can represent one vector dimension.3Batch note Systems may process shapes like batch x tokens x features.Key takeaway: Tensors are shaped numerical blocks, not mystery objects.Accessible description: A lightweight axis diagram shows token labels down the side, feature labels across the top, and a translucent batch sheet behind the grid.",9,dog | cat | floor | tokens | features | batch sheet | 1 | 2 | 3,screenshots/v0-27-15/15-tensors.png
16,attention,Attention Weave,coded SVG,P3,Keep,Attention arcs support weighted relevance without implying awareness.,Use a concrete sentence to show that attention weights token relevance without implying awareness.,Attention Weave,"Attention WeaveRelevance, not awarenessAttention assigns temporary relevance weights between token positions in the current context.1Current context The visible tokens include dog, cat, because, it, and hissed.2Strong relation In this sentence, it is most relevant to cat.3Weaker relation dog is nearby and possible in other sentences, but it hissed points to cat here.4Limit Attention computes relevance weights. It is not human awareness.Key takeaway: Attention is relevance between token positions, not consciousness.Accessible description: The diagram shows token nodes dog, cat, because, it, and hissed. A strong arc connects it to cat, and a weaker arc connects it to dog, with a label saying relevance, not awareness.",9,"dog chased cat because it hissed | dog | cat | because | it | hissed | strong | weaker | relevance, not awareness",screenshots/v0-27-15/16-attention.png
17,mlp,MLP Feature Workshop,coded SVG,P3,Keep,Per-token feature reshaping is communicated with concise labels.,Show the attention-versus-MLP distinction: attention mixes token positions; MLP reshapes each token vector independently.,MLP Feature Workshop,"MLP Feature WorkshopSame token, reshaped featuresAfter attention mixes across tokens, the MLP reshapes features within each token position.1Attention first Token positions can exchange current-context information.2Same position The example token cat stays in the same position.3MLP reshape Feature bars change for that token position.4Temporary values The MLP has durable weights, but the feature values during inference are temporary activations.Key takeaway: Attention mixes across positions; the MLP reshapes features within a position.Accessible description: The diagram shows an attention step where token positions exchange context, then one cat token moves into an MLP panel where its feature bars change from before to after.",8,attention | tokens exchange | cat | MLP | same token | before | after | feature bars reshaped,screenshots/v0-27-15/17-mlp.png
18,layers,Transformer Stack,coded SVG,P3,Keep,Stacked transformations remain readable and emphasize repetition.,Show repeated transformer blocks without implying human thought steps.,Transformer Stack,"Transformer StackRepeated attention plus MLPLayers repeat attention and MLP transformations to refine temporary hidden states.1Input states Current-context hidden states enter the stack.2Repeated block Each layer applies attention and an MLP, with residual paths and normalization helping signal flow.3Output states Refined hidden states continue toward next-token scores.4Limit Layers are repeated numerical transformations, not conscious reasoning steps.Key takeaway: Layers refine hidden states; they do not store permanent memory.Accessible description: A vertical stack shows input hidden states moving through Layer 1, Layer 2, and Layer 3, each labeled attention plus MLP, then into output hidden states.",5,input states | Layer 1: attn + MLP | Layer 2: attn + MLP | Layer 3: attn + MLP | output states,screenshots/v0-27-15/18-layers.png
19,hidden-states,Hidden State Flow,coded SVG,P3,Keep,Temporary context-shaped state is visually distinct from visible text.,"Contrast embedding, hidden state, weight, memory, and visible text without making hidden states mysterious.",Hidden State Flow,"Hidden State FlowTemporary during this forward passA token starts with an embedding and becomes context-shaped hidden states as it moves through layers.1Embedding A learned starting vector is retrieved for a token ID.2Hidden states Layers reshape that vector into temporary context-shaped states.3Scores later Final hidden states help produce next-token scores.4Not memory A hidden state is not visible text, permanent memory, or a stored fact.Key takeaway: Hidden states are temporary internal vectors shaped by current context.Accessible description: A flow moves from Token ID to Embedding, then Layer 1 hidden state, Layer 2 hidden state, Final hidden state, and next-token scores. A side note contrasts durable weights with temporary hidden states and says memory is not what this is.",10,ID | Embed | L1 | L2 | Final | Scores | weight: durable | state: temporary | not memory | temporary during this forward pass,screenshots/v0-27-15/19-hidden-states.png
20,logits,Raw Scoreboard,coded SVG,P3,Keep,Raw score bars clearly precede probabilities and truth checks.,Show final hidden state becoming raw vocabulary scores before softmax.,Raw Scoreboard,"Raw ScoreboardBefore probabilitiesThe final hidden state feeds candidate next-token scores. These logits rank candidates, but they are raw scores, not probabilities or truth.1Hidden state arrives The final context-shaped vector reaches the output scoring step.2Candidates get scores Possible next tokens such as floor, room, counter, and quantum receive raw logits.3Scores rank candidates Higher score means stronger local candidate, not guaranteed truth.4Softmax comes next Softmax converts raw scores into probabilities.Key takeaway: Logits are raw next-token scores, not probabilities and not truth.Accessible description: The diagram starts with a final hidden state flowing into an output score panel. Candidate tokens floor, room, counter, and quantum have raw score bars from high to very low. A label says raw scores, not probabilities.",12,"hidden state | score | next? | floor | 8.2 high | room | 5.1 med | counter | 2.0 low | quantum | -1.0 v low | raw scores, not probabilities",screenshots/v0-27-15/20-logits.png
21,softmax,Score to Probability,coded SVG,P3,Keep,Raw scores to probabilities is readable and mathematically bounded.,Show raw-score values becoming rounded probabilities that sum to one.,Score to Probability,"Score to ProbabilityNormalize before choosingSoftmax converts raw logits into probabilities that sum to 100%. High probability means likely under the model, not guaranteed true.1Logits go in Raw scores such as 8.2, 5.1, 2.0, and -1.0 enter softmax.2Softmax converts The function turns score differences into a probability distribution.3Probabilities come out The rounded teaching values sum to 100%.4Not truth Probability is about model likelihood, not evidence or correctness.Key takeaway: Softmax turns raw scores into probabilities; it does not verify truth.Accessible description: The diagram shows raw logits for floor, room, counter, and quantum on the left, a softmax arrow in the middle, and probabilities of 86 percent, 12 percent, 2 percent, and about zero percent on the right with a sum equals 100 percent note.",18,logits | probabilities | soft | max | floor | 8.2 | 86% | room | 5.1 | 12% | counter | 2.0 | 2% | quantum | -1.0 | ~0% | sum = 100% | probability != truth,screenshots/v0-27-15/21-softmax.png
22,sampling,Weighted Token Choice,coded SVG,P3,Keep,Weighted choice visual supports probability-not-truth distinction.,Show probability weights and the single selected next token before autoregression repeats.,Weighted Token Choice,"Weighted Token ChoiceOne token chosenSampling chooses one next response token from probabilities. Probability is not truth: a low-probability token can still be possible, and a likely token can still be unsupported.1Probability candidates floor is strongest, room is plausible, counter is weak, and quantum is barely likely in this context.2One token chosen The decoding step chooses one next response token.3Append next The chosen token is appended before the model runs again.4Not truth A likely token can still be unsupported or wrong in a wider factual claim.Key takeaway: Sampling chooses one token from probabilities; probability is not truth.Accessible description: The diagram shows weighted candidates floor at 86 percent, room at 12 percent, counter at 2 percent, and quantum at about zero percent. A highlighted selected-token card says floor and a note says one token chosen. Probability is not truth.",13,A jealous dog chased a startled cat | across the kitchen | floor | 86% | room | 12% | counter | 2% | quantum | ~0% | floor | chosen token | low probability is still possible,screenshots/v0-27-15/22-sampling.png
23,autoregression,Append and Repeat,coded SVG,P3,Keep,"Loop visual clearly shows choose, append, repeat.","Make the autoregressive loop concrete: choose one token, append it, run the model again, and grow the response.",Append and Repeat,"Append and RepeatOne token, append, run againThe chosen token ""floor"" is appended to the response-so-far, then the model runs again.1Response so far The model has generated: A jealous dog chased a startled cat across the kitchen.2Choose token Sampling chooses one next token, here ""floor"".3Append The chosen token becomes part of the temporary current context.4Run again The next forward pass sees the longer response-so-far and chooses again.Key takeaway: Autoregression is choose, append, repeat; it is not permanent learning.Accessible description: A concrete loop shows the user prompt, response so far, the chosen token floor, the updated context, and the steps choose token, append, run again, and response grows.",10,User prompt: pets in conflict | response so far | ...cat across the kitchen | 1 | floor | 2 | next context | prompt + response so far + floor | 3 | choose -> append -> run again,screenshots/v0-27-15/23-autoregression.png
24,context-window,Temporary Context Window,coded SVG,P3,Keep,Temporary context capacity and fall-out behavior are easy to read.,"Show the context window as temporary capacity: system, user, retrieved, and response-so-far cards can fit, while old context can fall out.",Temporary Context Window,"Temporary Context WindowLimited visible inputOnly the cards still inside the context tray can influence the next token.1Visible now System instructions, the user prompt, retrieved notes, and response-so-far may all be current context.2Limited tray When the tray fills, older material can fall out or need summarizing by the surrounding system.3Temporary Context can feel like memory, but it does not normally update weights or create permanent memory.4Next token The model can use only what remains visible in the current run.Key takeaway: Context is temporary visible input, not durable memory.Accessible description: A four-slot context tray contains system, user prompt, retrieved note, and response-so-far cards, while an old message sits outside the tray as fallen-out context.",10,"four-slot context tray | 1 | Sys | User | RAG | So far | Old | fell out | visible now | temporary input, not memory",screenshots/v0-27-15/24-context-window.png
25,rag-retrieval,Open-Book Retrieval,coded SVG,P3,Keep,Open-book retrieval flow clearly places retrieved text into context.,Show that RAG retrieves outside information and places it into context; it does not train the model.,Open-Book Retrieval,"Open-Book RetrievalRetrieval plus context, not trainingRetrieved notes enter the context before response tokens are generated.1Ask The user prompt starts the run.2Retrieve A search system finds relevant outside material.3Add to context Retrieved notes become temporary context tokens.4Generate The model still generates response tokens one at a time.5Weights stay fixed RAG does not normally update model weights.Key takeaway: RAG is retrieval plus context, not training.Accessible description: The RAG diagram moves from Prompt to Retriever to Notes, then into a Context tray and Generated response, with a separate fixed-weights note.",11,Prompt | 1 | Retriever | 2 | Notes | 3 | Context tray | Response | 4 | weights fixed | 5,screenshots/v0-27-15/25-rag-retrieval.png
26,grounding-evidence,Claim Support Map,coded SVG,P3,Keep,Claim-to-evidence structure reinforces grounding without a truth guarantee.,"Show grounding as a claim-to-evidence support relationship, not a truth guarantee.",Claim Support Map,"Claim Support MapTying answers to evidenceGrounding asks whether generated claims are actually connected to available evidence.1Claim A generated answer can contain several claims.2Evidence Retrieved passages, data, citations, or tool results can support some claims.3Support check A citation-looking answer is not grounded unless the evidence actually matches the claim.4Limit Grounding helps, but the evidence and its use still need review.Key takeaway: Grounding ties claims to evidence; it does not make every claim true.Accessible description: Two generated claims are shown. One claim connects to a retrieved policy passage and data result. A second claim has a missing support line and is marked needs review.",8,Claim: policy allows X | 1 | Claim: always free | 2 | Policy passage | Data result | supported by evidence | needs review,screenshots/v0-27-15/26-grounding-evidence.png
27,hallucination-bridge,Unsupported Bridge,coded SVG,P3,Keep,Unsupported bridge metaphor communicates fluent output outrunning support.,"Show hallucination as fluent generated output without enough evidence support, without implying lying or intent.",Unsupported Bridge,"Unsupported BridgeFluent is not always groundedA response can look smooth while one claim has support, another is uncertain, and another lacks evidence.1Fluent surface The output may read smoothly and confidently.2Supported claim One claim can be tied to evidence.3Missing support Another claim may lack evidence, citation, or retrieved context.4Review Grounding, uncertainty, and human review reduce risk but do not erase it.Key takeaway: Fluency is not evidence.Accessible description: A smooth output bridge crosses the scene. One evidence pillar supports a claim, one support is marked uncertain, and one is missing, with a review note below.",10,fluent output | 1 | supported | uncertain | missing | evidence | 2 | check source | 3 | fluency is not evidence,screenshots/v0-27-15/27-hallucination-bridge.png
28,ai-learns,Learning Modes Matrix,coded SVG,P2,Revise later,Matrix is accurate but dense; future pass should make durable versus temporary categories more scannable.,"Compare ways systems change, retrieve, or are steered without implying every useful response updates model weights.",Learning Modes Matrix,"Learning Modes MatrixDurable change or current-run steeringTraining, fine-tuning, feedback, prompting, RAG, and evaluation affect different parts of an AI system.1Training Pretraining and fine-tuning can durably update weights or adapter weights.2Prompting Prompts and in-context examples steer the current run.3RAG Retrieval adds outside material to context; it does not normally train the model.4Evaluation Review and tests can help future systems when results feed development or training.Key takeaway: Not all useful AI behavior is durable learning.Accessible description: A compact matrix compares training, fine-tuning, human feedback, prompting, RAG, and evaluation across weight changes, current context, future behavior, and timing.",30,mode | weights? | context? | future? | when | Training | yes | no | yes | before | Fine-tune | yes | no | yes | after | Feedback | maybe | no | yes | review | Prompt | no | yes | no | run | RAG | no | yes | no | run,screenshots/v0-27-15/28-ai-learns.png
29,diffusion,Append Or Denoise,coded SVG,P3,Keep,Append-versus-denoise contrast is direct and avoids ChatGPT-as-all-AI.,Make LLM token-by-token generation visibly different from diffusion denoising.,Append Or Denoise,"Append Or DenoiseTwo generation patternsAutoregressive text generation appends tokens; diffusion-style generation refines noisy patterns.1Autoregression The text response grows by choosing and appending one token at a time.2Diffusion A noisy representation is refined step by step toward an output.3Both generative Both can create new outputs, but the generation patterns differ.Key takeaway: Generative AI is not one mechanism.Accessible description: A split diagram shows an autoregressive lane with token, append, token, append and a diffusion lane with noise, rough shape, clearer image, final.",11,Autoregression | A jealous | dog | floor | append | Diffusion | noise | rough | clear | final | denoise and refine,screenshots/v0-27-15/29-diffusion.png
30,multimodal,Media Lane Map,coded SVG,P3,Keep,Media lanes are readable and avoid human-senses overclaim.,Show multiple media inputs and outputs without implying human-like perception.,Media Lane Map,"Media Lane MapInput, representation, outputMultimodal systems connect text, images, audio, video, and code through learned representations or linked components.1Inputs Text, image, audio, video, or code can enter the system.2Representation The system encodes media into model-usable representations or linked spaces.3Outputs Depending on the system, outputs may be answers, captions, images, audio, or code.4Limit Multimodal processing is not human sensation or experience.Key takeaway: Multimodal means more than one media type, not human-like perception.Accessible description: Inputs for text, image, audio, video, and code flow into a connected representation space, then to outputs such as caption, answer, image, audio, and code.",13,"text | image | audio | video | code | shared | space | caption | answer | image | audio | code | media lanes, not human senses",screenshots/v0-27-15/30-multimodal.png
31,perfect-storm,Storm Front,coded SVG,P3,Keep,"Repaired convergence layout is readable and keeps “convergence, not spark” out of the diagram body.",Show convergence without implying one magic breakthrough.,Storm Front,"Storm FrontWhy LLMs arrived nowData, compute, storage, methods, labor, and incentives converged into modern LLM capability.1Data Human-created text, media, code, and documents supplied patterns.2Compute and storage Hardware, data centers, datasets, and checkpoints made large-scale training practical.3Methods Deep learning and transformer advances made the patterns usable.4Labor and incentives Human evaluation work and market demand pushed systems into products.Key takeaway: Modern LLMs came from a convergence, not a single spark.Accessible description: Six short ingredient chips labeled Data, Compute, Storage, Methods, Labor, and Incentives flow into a centered Modern LLM capability node.",8,Data | Compute | Storage | Methods | Labor | Incentives | Modern LLM | capability,screenshots/v0-27-15/31-perfect-storm.png
32,collective-intelligence-lantern,Borrowed Flames,coded SVG,P1,Revise later,"Important provenance/labor idea is still abstract; future visual should make data, labor, and extraction relationships more concrete.",Make human-created source traces visible without treating the model as humanity’s mind.,Borrowed Flames,"Borrowed FlamesNo creators, no modelHuman-created traces can become training data and model patterns, while rights and responsibility remain human questions.1Human expression Books, sites, code, art, journalism, forums, documentation, and research leave learnable traces.2Collection questions Provenance, consent, copyright, attribution, and compensation matter.3Model limit The model absorbs statistical patterns; it does not understand gratitude or responsibility.Key takeaway: The model did not create its abilities alone.Accessible description: Human-created writing, code, art, research, forums, and documentation flow into training data, while a rights-question note stays outside the model mechanics.",9,Writing | Code | Art | Research | Forums | Docs | Training | data | rights questions,screenshots/v0-27-15/32-collective-intelligence-lantern.png
33,benefits-tool-garden,Benefit Tiers,coded SVG,P1,Revise later,Benefit tiers need sharper connection to realistic use plus human review.,"Separate useful reviewed benefits, plausible guarded benefits, and speculative hype.",Benefit Tiers,"Benefit TiersBenefits without utopiaAI benefits are easiest to trust when claims are tiered by evidence, context, safeguards, and human review.1Useful now with review Accessibility, translation support, summarization, search/RAG, drafting, and coding assistance can help under human review.2Plausible with safeguards Tutoring support, research triage, brainstorming, and workflow support should be evaluated in context.3Speculative / hype Broad utopia, replacement, or no-cost claims should not be stated as fact.Key takeaway: Benefits can be real and still bounded.Accessible description: Three benefit buckets sort claims into useful now with review, plausible with safeguards, and speculative or hype.",18,Benefit confidence tiers | Useful now | + review | Access | Translate | Summarize | Search/RAG | Plausible | + safeguards | Tutoring | Triage | Workflow | Speculative | / hype | Solves all | Replaces judgment | No costs | Real help needs evidence + review,screenshots/v0-27-15/33-benefits-tool-garden.png
34,costs-invisible-factory,Cost Ledger,coded SVG,P1,Revise later,Cost categories are important and can become crowded; future pass should make costs easier to scan.,Make AI costs visible as a ledger without inventing statistics or fear-heavy imagery.,Cost Ledger,"Cost LedgerThe answer is not weightlessAI systems depend on infrastructure, human systems, and governance choices that need honest accounting.1Infrastructure Energy, water, carbon, data centers, chips, and e-waste vary by system and workload.2Human systems Labor disruption, deskilling, privacy, bias, and information pollution depend on deployment choices.3Power Concentration of data, compute, and capital affects who benefits and who decides.Key takeaway: Costs vary, but they are real enough to count.Accessible description: An AI answer points into a ledger with infrastructure, human systems, and power or governance categories.",14,AI answer | Cost | ledger | Infra | Energy | Water | Chips | E-waste | Human | Labor | Privacy | Skill | Bias | Governance,screenshots/v0-27-15/34-costs-invisible-factory.png
35,human-centered-ai-garden,Accountability Flow,coded SVG,P1,Revise later,Accountability flow should be made more operational and less metaphor-dependent.,Make human-centered AI concrete through a support-note accountability scenario.,Accountability Flow,"Accountability FlowTools should serve dignityA human-centered deployment treats AI output as support inside a decision context, then keeps review, governance, and accountable action with people.1Human judgment People remain accountable for high-stakes decisions and institutional use.2Dignity Speed, profit, and automation should not outrank persons, learning, or relationships.3Model limit A model can sound ethical without moral understanding.Key takeaway: Powerful tools still need human purpose.Accessible description: An AI summary moves into a decision context affecting people, then flows through human review and governance before accountable action.",8,AI summary | Decision | context | People | Human | review | Governance | + action,screenshots/v0-27-15/35-human-centered-ai-garden.png
36,responsible-ai-forked-path,Better-AI Control Panel,coded SVG,P1,Revise later,Governance/control-panel idea should be clearer for institutional decision makers.,Show practical design and governance levers without pretending governance is simple.,Better-AI Control Panel,"Better-AI Control PanelResponsible AI is chosenAI outcomes are shaped by design, deployment, governance, incentives, and institutional choices.1Technical choices Smaller models, efficient inference, distillation, RAG, and better hardware use can fit some tasks.2Data choices Provenance, consent, licensing, creator compensation, and privacy-preserving deployment matter.3Institutional choices Human review, policy, labor transition planning, public-interest models, and independent evaluation shape outcomes.Key takeaway: Harms are shaped by choices, not destiny.Accessible description: A compact control panel shows levers for provenance, privacy, efficient inference, RAG, review, evaluation, labor, sustainability, governance, and task fit.",11,Better-AI control panel | Provenance | Privacy | Efficient | RAG | Review | Eval | Labor | Sustain | Govern | Task fit,screenshots/v0-27-15/36-responsible-ai-forked-path.png
37,prompting-context-tray,Context Tray,coded SVG,P3,Keep,Context tray supports prompting-as-context-shaping.,"Show prompting as context design, not permanent teaching.",Context Tray,"Context TrayPrompting steers this runGood prompts pack task, context, constraints, examples, evidence needs, uncertainty, review, and format into the current run.1Prompt parts Task, context, constraints, examples, evidence needs, uncertainty, review, and format shape the current input.2Evidence and uncertainty Source needs, retrieved context, and uncertainty requests can improve reviewability.3Boundary Prompting usually changes context, not weights.Key takeaway: Prompting is context design for one run.Accessible description: Prompt component cards drop into a transparent current context tray before one generated response leaves it.",11,Task | Context | Limits | Example | Evidence | Uncertain | Format | Review | Current context | this run | Response,screenshots/v0-27-15/37-prompting-context-tray.png
38,synthesis-map-compass-lantern,Full Chain Map,coded SVG,P1,Revise later,Full-chain synthesis is the densest visual; needs simplification before badge-facing review.,Close the Journey by connecting the machine chain with human consequences.,Full Chain Map,"Full Chain MapMechanics plus judgmentModel literacy connects prompt, tokens, IDs, embeddings, hidden states, logits, probabilities, sampling, append-and-repeat generation, RAG, grounding, review, and accountability.1Machine chain Prompt context becomes tokens and IDs, then embeddings, hidden states, logits, probabilities, and sampled response tokens.2Evidence chain Context windows, RAG, and grounding can add evidence for this run, but they do not guarantee truth.3Human chain Benefits, costs, review, governance, and accountability remain human responsibilities.Key takeaway: Mechanics matter, and humans remain responsible.Accessible description: A full chain map moves from Prompt to Tokens, IDs, Embeds, States, Logits, Probs, Sample, Append, RAG, Review, and Accountability.",13,Prompt | Tokens | IDs | Embeds | States | Logits | Probs | Sample | Append | RAG | Review | Account. | Mechanics + human judgment,screenshots/v0-27-15/38-synthesis-map-compass-lantern.png
39,risk,Risk Ledger,coded SVG,P2,Revise later,Risk ledger is useful but can be refined so real risks and myths remain balanced and readable.,Separate concrete institutional risks from magical stories without doom or hype.,Risk Ledger,"Risk LedgerMechanisms, not magicRisk literacy separates practical, mechanism-based risks from myths about what models are.1Real mechanisms Privacy exposure, hallucinations, prompt injection, insecure tools, overreliance, and bias can cause practical harm.2Myths Conscious chatbots, omniscient databases, secret self-training during every chat, and softmax stealing files are magical stories.3Human accountability Institutions, vendors, policies, and affected communities shape how risks are prevented and reviewed.Key takeaway: Real AI risks usually come from data, context, tools, institutions, and overreliance, not model consciousness or magic.Accessible description: A two-column ledger sorts real mechanism risks from myths or magical stories.",12,Real risk | Myth / magic | Privacy | Halluc. | Prompt inj. | Tool risk | Overrely | Bias | Conscious | Self-trains | Omniscient | Softmax files,screenshots/v0-27-15/39-risk.png
